Sample,Analysis,U_ppm,Th_ppm,Pb_ppm,Th/U,206Pb_cps,206Pb_204Pb,206Pb_204Pb_1s,208Pb_232Th,208Pb_232Th_2s,207Pb_235U,207Pb_235U_2s,206Pb_238U,206Pb_238U_2s,error_corr.,238U_206Pb,238U_206Pb_2s,207Pb_206Pb,207Pb_206Pb_2s,208Pb_232Th_date,208Pb_232Th_2s_(Ma),208Pb_232Th_2s-sys_(Ma),207Pb_206Pb_date,207Pb_206Pb_2s_(Ma),207Pb_206Pb_2s-sys_(Ma),207Pb_235U_date,207Pb_235U_2s_(Ma),207Pb_235U_2s-sys_(Ma),206Pb_238U_date,206Pb_238U_2s_(Ma),206Pb_238U_2s-sys_(Ma),7/6 disc._(%),disc._(%),2s_(%),P,Ti,Y,Zr,Nb,La,Ce,Pr,Nd,Sm,Eu,Gd,Tb,Dy,Ho,Er,Tm,Yb,Lu,Hf,Ta,Th,U,Ti-in-zircon_T(C),Ce/Ce*,Eu/Eu*,?REE,(Gd/Yb)cn,Lu/Hf,Nb/Ta,Nb/U,Nb/Th,Th/U,Th/Y,Hf/Y,Nb/Yb,U/Yb,location,Experiment,Notes
BM22-1,BM22-1 L 43,970,695,2.08,0.717,1917,157,6,0.00054,16.6130659,0.007682251,29.23984541,0.001733055,6.197952483,0.211336893,577.02,6.2,0.03215,28.6,11,1.82,1.85,-951,838,838,7.77,2.26,2.27,11.2,0.691,0.706,,-43.6,42.8,587,8.01,8782,,8.18,0.1,23.8,1.12,21.5,48,2.65,249,82.8,894,321,1304,247,2043,344,4708,2.27,695,970,774,17.52,0.07,5580.69,0.1,0.07,3.6,0.01,0.01,0.72,0.08,0.54,0.004,0.475,,Zircon_07Sep22_Hodgin_1,
BM22-1,BM22-1 L 44,1161,1077,2.55,0.928,2158,2158,78,0.00051,12.42908912,0.010595161,22.64009753,0.001675216,4.292391989,0.188413243,596.94,4.3,0.04587,22.2,10.4,1.29,1.33,-9,537,537,10.7,2.41,2.41,10.8,0.463,0.483,,-0.8,23.1,592,5.39,10465,,12.2,0.296,64,1.5,28,52.9,4.64,289,93.8,1063,371,1521,290,2342,396,4404,3.22,1077,1161,736,23.57,0.11,6516.43,0.1,0.09,3.79,0.01,0.01,0.93,0.1,0.42,0.005,0.496,,Zircon_07Sep22_Hodgin_1,
BM22-1,BM22-1 L 45,1605,1043,3.46,0.65,3102,2038,91,0.00054,14.54575896,0.010926871,16.69296261,0.001762812,5.863233297,0.350069277,567.28,5.9,0.04496,15.6,10.8,1.57,1.61,-58,381,381,11,1.83,1.84,11.4,0.665,0.681,,-2.9,18.1,611,7.42,9618,,7.97,0.116,24.4,1.18,20.7,44.5,2.32,255,83.7,970,358,1415,273,2313,390,4913,2.11,1043,1605,766,16.09,0.07,6151.22,0.09,0.08,3.77,0,0.01,0.65,0.11,0.51,0.003,0.694,,Zircon_07Sep22_Hodgin_1,
BM22-1,BM22-1 L 46,442,160,0.883,0.362,859,67,3,0.00054,26.76625224,0.014946161,26.53043496,0.001729582,9.90068572,0.372746136,578.17,9.9,0.06267,24.6,10.9,2.93,2.95,697,524,524,15.1,3.97,3.97,11.1,1.1,1.11,,26,20.8,248,3.79,1187,,2.69,0.116,7.04,0.083,2.07,3.18,0.059,23.2,7.81,103,41.8,194,41,366,68.2,5741,1.37,160,442,705,17.58,0.02,857.26,0.05,0.01,1.96,0.01,0.02,0.36,0.13,4.84,0.007,1.207,,Zircon_07Sep22_Hodgin_1,
BM22-1,BM22-1 L 48,192,55.5,0.449,0.289,388,74,3,0.00174,30.76438868,0.007206018,54.88530461,0.001824886,9.669935182,0.175968719,547.98,9.7,0.02864,54,35.1,10.8,10.9,-1304,1716,1716,7.29,3.99,3.99,11.8,1.14,1.15,,-61.2,89.5,173,3.7,762,,1.31,,3.23,0.005,0.575,1.54,0.247,10.9,4.36,63,25.8,124,29.3,272,51.6,6035,0.852,55.5,192,703,660.88,0.18,586.85,0.03,0.01,1.54,0.01,0.02,0.29,0.07,7.92,0.005,0.705,,Zircon_07Sep22_Hodgin_1,
BM22-1,BM22-1 L 49,438,276,0.911,0.631,799,136,8,0.00052,26.60557829,0.007488304,28.3160578,0.001732427,6.992999053,0.246384336,577.22,7,0.03135,27.4,10.6,2.82,2.83,-1026,818,818,7.58,2.14,2.14,11.2,0.78,0.792,,-47.3,42.8,267,6.97,3246,,1.75,0.07,20,0.559,9.45,16,0.782,82.6,27,317,116,485,98.2,823,147,4979,0.771,276,438,760,25.7,0.07,2143.22,0.08,0.03,2.27,0,0.01,0.63,0.09,1.53,0.002,0.532,,Zircon_07Sep22_Hodgin_1,
BM22-1,BM22-1 L 50,536,165,1.04,0.308,995,47,2,0.00036,25.38712661,0.018182166,18.91186837,0.001725991,5.058788032,0.266296828,579.38,5.1,0.0764,18.2,7.37,1.87,1.88,1106,364,364,18.3,3.43,3.44,11.1,0.562,0.579,,39.2,11.8,1240,3.13,1578,,4.6,29.9,87.1,11.3,62.9,18.8,0.148,44.6,12.3,146,56.6,247,52.8,462,85.3,6706,2.37,165,536,688,1.16,0.02,1316.16,0.08,0.01,1.94,0.01,0.03,0.31,0.1,4.25,0.01,1.161,,Zircon_07Sep22_Hodgin_1,
BM22-1,BM22-1 L 51,1545,1523,3.49,0.985,3133,3548,113,0.00052,9.153945385,0.008027464,23.81661967,0.001721545,4.765626919,0.199090477,580.87,4.8,0.03382,23.3,10.6,0.966,1.02,-805,663,663,8.12,1.93,1.93,11.1,0.528,0.546,,-36.6,33,716,5.74,14999,,20.1,0.255,114,2.48,45.1,90.1,8.15,466,150,1675,586,2305,425,3396,568,4187,3.38,1523,1545,742,35.1,0.12,9831.05,0.11,0.14,5.95,0.01,0.01,0.99,0.1,0.28,0.006,0.455,,Zircon_07Sep22_Hodgin_1,
BM22-1,BM22-1 L 52,486,239,1.03,0.491,939,939,45,0.00065,33.06987903,0.014032725,26.79458629,0.001736403,5.828923362,0.21681004,575.9,5.8,0.05861,26.2,13.1,4.35,4.36,553,571,571,14.1,3.77,3.77,11.2,0.651,0.667,,21,21.5,262,4.3,2772,,1.65,0.086,15.7,0.297,5.38,12.3,0.976,64.3,21.5,253,94.8,405,80.6,697,127,5281,0.77,239,486,716,24.1,0.11,1777.42,0.08,0.02,2.15,0,0.01,0.49,0.09,1.9,0.002,0.698,,Zircon_07Sep22_Hodgin_1,
BM22-1,BM22-1 L 53,1152,623,2.49,0.541,2213,72,2,0.00063,21.87129723,0.015266037,11.17960856,0.001745503,5.226626441,0.465560745,572.9,5.2,0.06343,9.9,12.8,2.8,2.82,723,210,210,15.4,1.71,1.72,11.2,0.587,0.604,,26.9,9,,,,,,,,,,,,,,,,,,,,,,,,,,,,,,,,,,,,,,,Zircon_07Sep22_Hodgin_1,
BM22-1,BM22-1 L 56,531,336,1.21,0.632,1074,28,1,0.00065,22.78591448,0.009167155,30.95984177,0.001835724,6.903555011,0.222450538,544.74,6.9,0.03622,30.2,13.2,3.01,3.04,-614,823,823,9.27,2.86,2.86,11.8,0.815,0.829,,-27.6,40.3,287,4.85,3498,,2.88,0.026,13.9,0.246,5.2,11.9,1.56,69.1,24.6,299,115,520,109,986,182,5185,1.32,336,531,726,42.29,0.17,2336.95,0.06,0.04,2.18,0.01,0.01,0.63,0.1,1.48,0.003,0.539,,Zircon_07Sep22_Hodgin_1,
BM22-1,BM22-1 L 57,673,207,1.33,0.307,1335,104,3,0.00055,30.28803408,0.013808914,24.97851403,0.001739797,6.291597524,0.251154802,574.78,6.3,0.05757,24.2,11.2,3.38,3.4,513,531,531,13.9,3.45,3.46,11.2,0.704,0.719,,19.5,20.6,213,1.86,2304,,7.05,,14,0.016,0.704,3.49,,36.8,15,191,77.9,353,73.7,628,112,8321,3.13,207,673,647,837.38,,1505.71,0.05,0.01,2.25,0.01,0.03,0.31,0.09,3.61,0.011,1.071,,Zircon_07Sep22_Hodgin_1,
BM22-1,BM22-1 L 58,854,512,1.86,0.6,1773,247,5,0.00054,18.68372218,0.011968442,20.23776904,0.001806554,5.46808437,0.269161908,553.54,5.5,0.04805,19.5,10.8,2.02,2.05,102,461,461,12.1,2.43,2.44,11.6,0.636,0.652,,3.7,20.1,341,4.96,2329,,4.6,0.043,30.1,0.169,3.15,6.77,0.212,47.6,17.2,200,78.6,340,69.9,594,111,5729,1.77,512,854,728,86.02,0.04,1498.19,0.07,0.02,2.6,0.01,0.01,0.6,0.22,2.46,0.008,1.439,,Zircon_07Sep22_Hodgin_1,
BM22-1,BM22-1 L 61,770,460,1.62,0.597,1629,1874,75,0.00055,18.60440758,0.006884836,42.75168368,0.001760491,5.764714142,0.134380094,568.02,5.8,0.02836,42.4,11.2,2.09,2.11,-1335,1355,1355,6.97,2.97,2.97,11.3,0.653,0.669,,-62.8,70,354,4.17,2335,,5.48,,31.3,0.17,2.85,6.91,0.293,43.1,16,201,80.8,362,73.1,629,117,5769,2.03,460,770,713,180.58,0.05,1563.61,0.06,0.02,2.69,0.01,0.01,0.6,0.2,2.47,0.009,1.224,,Zircon_07Sep22_Hodgin_1,
BM22-1,BM22-1 L 62,2743,1215,5.31,0.443,5454,1930,28,0.00053,10.89998251,0.01135031,7.004693076,0.001650607,3.760780008,0.532575967,605.84,3.8,0.04987,5.9,10.7,1.16,1.21,189,138,138,11.5,0.798,0.813,10.6,0.4,0.422,,7.2,7.3,540,4.88,5725,,36.5,0.803,61.2,0.329,4.53,15.4,,107,43,543,212,899,177,1513,252,6458,9.64,1215,2743,727,29.17,,3829.69,0.06,0.04,3.78,0.01,0.03,0.44,0.21,1.13,0.024,1.812,,Zircon_07Sep22_Hodgin_1,
BM22-1,BM22-1 L 64,370,129,0.762,0.348,747,747,42,0.00074,25.10805773,0.012566844,31.16499824,0.001748943,7.599019686,0.243351763,571.77,7.6,0.05211,30.2,15,3.77,3.79,290,690,691,12.7,3.93,3.93,11.3,0.855,0.867,,11.2,28.3,204,2.35,1787,,1.82,,11.9,0.103,2.77,5.42,0.344,34.4,12.5,167,60.5,278,57.3,492,92.2,6294,0.724,129,370,665,113.08,0.08,1214.84,0.06,0.01,2.52,0,0.01,0.35,0.07,3.52,0.004,0.751,,Zircon_07Sep22_Hodgin_1,
BM22-1,BM22-1 L 67,844,467,1.73,0.553,1733,1733,163,0.00054,21.0016437,0.010582591,18.31119597,0.001716831,5.674283185,0.308787105,582.47,5.7,0.04471,17.4,10.8,2.27,2.3,-72,425,426,10.7,1.95,1.95,11.1,0.627,0.642,,-3.5,19.7,360,5.32,4468,,3.96,0.141,11.4,0.534,9.18,18.3,0.976,103,38,358,151,607,135,1153,202,4485,1.4,467,844,735,10.17,0.07,2788.51,0.07,0.05,2.83,0,0.01,0.55,0.1,1,0.003,0.732,,Zircon_07Sep22_Hodgin_1,
BM22-1,BM22-1 L 68,882,582,1.77,0.661,1716,1944,116,0.0005,13.83823533,0.009087429,23.20984093,0.001646494,7.10176758,0.305291807,607.35,7.1,0.04003,22.1,10.2,1.41,1.44,-349,570,571,9.19,2.12,2.13,10.6,0.753,0.764,,-15.5,27.9,478,9.31,7758,,5.71,0.1,21.9,1.21,21.5,43.2,3.49,222,71.2,802,288,1171,230,1848,324,4303,1.66,582,882,789,15.69,0.11,5047.02,0.1,0.08,3.44,0.01,0.01,0.66,0.08,0.55,0.003,0.477,,Zircon_07Sep22_Hodgin_1,
BM22-1,BM22-1 M 123,1491,1099,3.05,0.737,3086,357,5,0.00052,14.66492787,0.012685926,10.80538629,0.001572793,3.761362378,0.338582512,635.81,3.8,0.0585,10.1,10.5,1.54,1.57,549,221,222,12.8,1.37,1.38,10.1,0.381,0.392,,20.9,9,1048,5.08,8877,,7.36,6.11,51.9,3.82,38.7,55.9,2.86,269,86.3,982,342,1317,253,2049,350,3480,2.41,1099,1491,730,2.63,0.07,5806.7,0.11,0.1,3.06,0,0.01,0.74,0.12,0.39,0.004,0.728,core,Zircon_07Sep22_Hodgin_2,
BM22-1,BM22-1 M 124,793,496,1.77,0.626,1715,539,23,0.00057,26.20399102,0.012450146,21.01087665,0.001791492,5.339406872,0.250677539,558.19,5.3,0.0504,20.3,11.5,3.02,3.04,214,471,471,12.6,2.62,2.63,11.5,0.616,0.624,,8.2,19.8,348,5.72,5593,,3,0.128,26.1,1.01,18.6,29.1,3.44,154,48.4,559,198,842,168,1474,270,3031,0.976,496,793,741,17.87,0.16,3791.36,0.09,0.09,3.08,0,0.01,0.63,0.09,0.54,0.002,0.538,core,Zircon_07Sep22_Hodgin_2,
BM22-1,BM22-1 M 125,920,645,2.1,0.701,2036,2036,95,0.0006,15.06142655,0.012721145,22.77874646,0.001769025,6.514126865,0.28336677,565.28,6.5,0.05215,21.8,12.2,1.83,1.87,292,498,499,12.8,2.91,2.91,11.4,0.742,0.749,,11.2,20.9,421,6.69,8188,,7.22,0.194,32,1.2,22.6,41.7,6.67,234,74.1,816,294,1175,234,1926,349,2904,1.95,645,920,756,16.24,0.21,5206.66,0.1,0.12,3.7,0.01,0.01,0.7,0.08,0.35,0.004,0.478,core,Zircon_07Sep22_Hodgin_2,
BM22-1,BM22-1 M 126,728,331,1.59,0.455,1568,1568,41,0.00065,19.91427749,0.012202917,25.73369828,0.00180055,7.23409223,0.279035402,555.39,7.2,0.04915,24.7,13.2,2.63,2.67,155,578,579,12.3,3.15,3.15,11.6,0.838,0.845,,5.8,25,412,3.92,2930,,3.31,2.42,20.9,1.08,7.49,7.89,0.658,47.2,18.4,223,98.7,430,97.4,932,174,3299,1.64,331,728,707,3.18,0.1,2060.58,0.04,0.05,2.01,0,0.01,0.46,0.11,1.13,0.004,0.782,core,Zircon_07Sep22_Hodgin_2,
BM22-1,BM22-1 M 128,714,349,1.5,0.488,1506,144,9,0.00058,17.0628057,0.010612413,30.08957044,0.001738763,6.182873664,0.203402717,575.12,6.2,0.04427,29.4,11.6,1.98,2.02,-96,723,723,10.7,3.21,3.21,11.2,0.692,0.699,,-4.5,31.9,396,4.94,4487,,5,0.017,19.5,0.511,8.02,17,0.988,114,38.7,462,175,727,142,1211,211,3259,1.71,349,714,728,51.14,0.07,3127.47,0.08,0.06,2.92,0.01,0.01,0.49,0.08,0.73,0.004,0.59,core,Zircon_07Sep22_Hodgin_2,
BM22-1,BM22-1 M 130,1474,1029,3.41,0.698,3095,213,7,0.00058,10.3076528,0.011542763,17.89775147,0.001823454,6.073528753,0.33578674,548.41,6.1,0.04591,16.8,11.8,1.21,1.27,-7,406,407,11.7,2.07,2.08,11.7,0.713,0.721,,-0.8,18.9,637,7.02,9993,,9.77,0.297,30,1.37,26.3,52.8,2.69,292,93.1,1036,350,1383,267,2143,385,3073,2.34,1029,1474,761,11.55,0.07,6062.05,0.11,0.13,4.18,0.01,0.01,0.7,0.1,0.31,0.005,0.688,core,Zircon_07Sep22_Hodgin_2,
BM22-1,BM22-1 M 131,739,440,1.65,0.595,1569,344,11,0.00063,12.77834172,0.012118079,16.4796922,0.001775742,5.968987863,0.358269458,563.14,6,0.04949,15.4,12.7,1.62,1.67,171,359,359,12.2,2,2.01,11.4,0.682,0.69,,6.5,16.3,338,4.42,4959,,3.49,0.03,20.1,0.718,12,22.8,4.06,116,40.3,463,167,730,151,1270,239,3158,1.34,440,739,718,33.54,0.24,3236.97,0.08,0.08,2.6,0,0.01,0.59,0.09,0.64,0.003,0.582,core,Zircon_07Sep22_Hodgin_2,
BM22-1,BM22-1 M 132,554,278,1.01,0.502,1067,1067,105,0.00046,31.73980941,0.007709426,30.41397401,0.001536464,7.572034529,0.247285632,650.84,7.6,0.03639,29.5,9.24,2.93,2.95,-601,801,801,7.8,2.36,2.36,9.9,0.749,0.754,,-26.9,39.6,226,4.35,3228,,1.91,0,11.2,0.264,5.37,12.7,1.44,72,25.4,307,114,474,98.9,861,154,3332,1.08,278,554,716,27.24,0.15,2137.05,0.07,0.05,1.78,0,0.01,0.5,0.09,1.03,0.002,0.643,core,Zircon_07Sep22_Hodgin_2,
BM22-1,BM22-1 M 133,699,454,1.54,0.649,1500,165,8,0.00056,16.72195714,0.01353796,19.10693841,0.001744046,6.701216458,0.347699884,573.38,6.7,0.0563,17.9,11.3,1.88,1.92,464,396,397,13.7,2.59,2.6,11.2,0.752,0.759,,17.7,16.6,392,5.87,6505,,4.89,0.046,23.6,0.67,13.2,26.4,3.03,161,55.9,657,229,959,190,1574,292,3118,1.83,454,699,744,32.87,0.14,4185.11,0.08,0.09,2.67,0.01,0.01,0.65,0.07,0.48,0.003,0.444,core,Zircon_07Sep22_Hodgin_2,
BM22-1,BM22-1 M 134,1389,1359,3.26,0.978,2733,316,15,0.00057,11.61389987,0.011410666,16.57792913,0.00170889,5.363831102,0.319201424,585.18,5.4,0.04843,15.7,11.5,1.34,1.39,120,370,370,11.5,1.9,1.9,11,0.59,0.598,,4.5,16.6,721,5.05,12563,,19.4,0.213,87,1.63,33.1,63.1,1.58,335,113,1294,449,1758,335,2617,428,3027,4.28,1359,1389,730,36.14,0.03,7516,0.11,0.14,4.52,0.01,0.01,0.98,0.11,0.24,0.007,0.531,core,Zircon_07Sep22_Hodgin_2,
BM22-1,BM22-1 M 136,1594,1007,3.38,0.632,3436,687,13,0.00059,15.29887503,0.012529238,13.0100782,0.001658608,3.80724656,0.284826455,602.92,3.8,0.05479,12.4,11.9,1.82,1.86,404,279,279,12.6,1.63,1.64,10.7,0.406,0.418,,15.5,11.4,561,4.48,7235,,6.24,0.074,29.7,0.792,15.2,32.6,1.11,186,63.2,740,262,1085,213,1750,303,3269,2.23,1007,1594,719,30.1,0.04,4683.58,0.09,0.09,2.8,0,0.01,0.63,0.14,0.45,0.004,0.911,core,Zircon_07Sep22_Hodgin_2,
BM22-1,BM22-1 M 137,747,527,1.68,0.706,1543,60,2,0.00069,24.70821223,0.013458078,27.56829902,0.001662648,8.132270806,0.293260374,601.45,8.1,0.05871,26.3,13.9,3.44,3.47,556,575,575,13.6,3.72,3.72,10.7,0.87,0.876,,21.1,22.5,415,5.99,6145,,3.45,0.12,39.2,1.09,18.6,36.3,2.62,181,57.9,615,226,907,178,1508,272,3062,1.18,527,747,746,26.51,0.1,4042.58,0.1,0.09,2.92,0,0.01,0.71,0.09,0.5,0.002,0.495,core,Zircon_07Sep22_Hodgin_2,
BM22-1,BM22-1 M 138,2992,3262,6.98,1.09,6537,155,4,0.00048,7.334123433,0.010028005,9.712602162,0.001734026,3.506580404,0.349672691,576.69,3.5,0.04194,9.1,9.73,0.713,0.782,-230,228,229,10.1,0.979,0.987,11.2,0.391,0.404,,-10.2,11.3,644,3.92,11870,,10.7,0.449,97.6,4.17,61.7,82,7.54,336,108,1168,414,1708,348,2968,510,3030,2.87,3262,2992,707,17.5,0.14,7814.13,0.09,0.17,3.72,0,0,1.09,0.27,0.26,0.004,1.008,core,Zircon_07Sep22_Hodgin_2,
BM22-1,BM22-1 M 140,2285,857,4.63,0.375,4790,329,6,0.00056,13.023195,0.011799719,11.42728774,0.001729599,6.690247464,0.580400969,578.17,6.7,0.04948,9.3,11.4,1.48,1.53,171,216,217,11.9,1.35,1.36,11.1,0.745,0.752,,6.5,12.3,450,4.04,5039,,37.3,0.264,48.1,0.252,3.64,12.1,0,94.7,35.7,465,179,752,153,1326,234,4765,9.86,857,2285,710,45.66,0,3304.59,0.06,0.05,3.78,0.02,0.04,0.38,0.17,0.95,0.028,1.723,core,Zircon_07Sep22_Hodgin_2,
BM22-1,BM22-1 M 142,588,340,1.23,0.578,1226,150,3,0.00053,16.8205706,0.012076795,17.77778892,0.001691161,6.646561912,0.370594004,591.31,6.6,0.05179,16.5,10.8,1.81,1.85,276,378,378,12.2,2.15,2.16,10.9,0.723,0.73,,10.6,16.9,378,5.61,4363,,3.25,0,15.2,0.414,8.34,18.7,1.45,109,37,430,155,640,128,1100,194,3371,1.35,340,588,740,77.84,0.1,2837.31,0.08,0.06,2.4,0.01,0.01,0.58,0.08,0.77,0.003,0.534,core,Zircon_07Sep22_Hodgin_2,
BM22-1,BM22-1 M 143,373,187,0.802,0.503,769,188,8,0.00064,22.60080699,0.011794775,33.56743263,0.001746846,9.495365302,0.281660269,572.46,9.5,0.04897,32.2,12.9,2.92,2.95,146,755,755,11.9,3.97,3.98,11.3,1.07,1.07,,5.5,32.8,244,7.53,3706,,2.46,0,9.23,0.49,8.89,21.4,3.45,99.5,31.9,382,137,570,113,928,176,2833,0.883,187,373,768,22.67,0.23,2480.6,0.09,0.06,2.78,0.01,0.01,0.5,0.05,0.76,0.003,0.401,core,Zircon_07Sep22_Hodgin_2,
BM22-1,BM22-1 M 144,2664,1389,5.35,0.521,5599,1369,22,0.00054,9.453225998,0.010602376,13.43850621,0.001650592,5.302258546,0.389126313,605.84,5.3,0.04659,12.3,10.9,1.03,1.09,28.1,296,297,10.7,1.43,1.44,10.6,0.563,0.572,,0.7,14.3,520,2.34,5046,,36.5,1.09,54.1,0.852,6.28,12.2,,99.7,37.7,476,179,762,151,1272,218,5083,11.3,1389,2664,664,13.76,,3269.63,0.06,0.04,3.22,0.01,0.03,0.52,0.28,1.01,0.029,2.095,core,Zircon_07Sep22_Hodgin_2,
BM22-1,BM22-1 M 145,953,621,1.87,0.652,1833,224,12,0.0005,16.30215187,0.008438322,25.4024388,0.001577343,5.367095679,0.208444333,633.98,5.4,0.0388,24.8,10.1,1.65,1.68,-430,652,652,8.53,2.16,2.16,10.2,0.545,0.553,,-19.1,30.8,397,4.26,6609,,4.8,0,27.4,0.676,13.7,28.2,1.95,154,51.9,630,225,982,199,1643,297,2966,1.93,621,953,715,50.33,0.09,4253.43,0.08,0.1,2.49,0.01,0.01,0.65,0.09,0.45,0.003,0.58,core,Zircon_07Sep22_Hodgin_2,
BM22-1,BM22-1 M 147,1384,665,2.81,0.48,2882,186,2,0.00059,15.57491433,0.013007028,10.48699789,0.001656428,3.508440955,0.324033253,603.71,3.5,0.05695,9.9,11.9,1.85,1.89,490,218,219,13.1,1.37,1.38,10.7,0.374,0.387,,18.7,8.9,1232,3.25,4158,,16.1,72.5,246,37,214,70.3,0.343,153,39.8,424,148,627,121,1021,178,4572,4.28,665,1384,691,1.16,0.01,3352.08,0.12,0.04,3.75,0.01,0.02,0.48,0.16,1.1,0.016,1.355,overgrowth,Zircon_07Sep22_Hodgin_2,
BM22-1,BM22-1 M 149,3785,2693,7.64,0.711,7698,282,9,0.00052,8.126668302,0.010003749,7.994613182,0.00158003,2.281050991,0.264101536,632.9,2.3,0.04592,7.7,10.4,0.848,0.914,-7,185,186,10.1,0.804,0.814,10.2,0.232,0.25,,-0.7,8.3,609,3.01,6363,,45.6,0,74.8,0.218,4.54,17,0.089,135,50.7,609,231,958,186,1499,263,4457,11.9,2693,3785,685,302.51,0.01,4028.05,0.07,0.06,3.82,0.01,0.02,0.71,0.42,0.7,0.03,2.525,core,Zircon_07Sep22_Hodgin_2,
BM22-1,BM22-1 M 150,621,222,1.27,0.358,1340,26,1,0.00079,16.69539993,0.009650411,30.33776777,0.001687269,6.32106175,0.206338063,592.67,6.3,0.04148,29.7,16.1,2.68,2.73,-258,752,752,9.75,2.94,2.95,10.9,0.686,0.694,,-11.4,34.4,276,2.45,2466,,4.92,0.1,13.6,0.125,2.56,7.7,0.359,45.8,16.7,216,83.6,374,76.6,672,120,4646,1.98,222,621,668,30.16,0.06,1628.22,0.06,0.03,2.49,0.01,0.02,0.36,0.09,1.88,0.007,0.924,overgrowth,Zircon_07Sep22_Hodgin_2,
IR22-1,IR22-1 L 70,1116,487,2.32,0.436,2214,110,2,0.00055,16.06953603,0.014865837,12.7451648,0.001769117,3.763068939,0.292887677,565.25,3.8,0.06094,12.2,11,1.77,1.8,637,262,262,15,1.9,1.91,11.4,0.428,0.452,,24,10,517,2.36,5018,,12.1,0.02,24.8,0.299,5.77,16.1,1.35,107,40.3,498,191,767,158,1244,224,5178,3.2,487,1116,665,79.61,0.1,3279.37,0.07,0.04,3.77,0.01,0.02,0.44,0.1,1.03,0.01,0.897,,Zircon_07Sep22_Hodgin_1,
IR22-1,IR22-1 L 71,1528,713,3.3,0.467,2951,114,5,0.00069,15.57521201,0.016952697,14.76418278,0.001753098,5.499387029,0.371086046,570.42,5.5,0.07013,13.7,13.9,2.17,2.21,932,281,281,17.1,2.5,2.51,11.3,0.62,0.636,,33.8,10.3,472,7,7524,,16.7,3.87,48.1,2.02,20.9,30.4,1.29,184,65,785,294,1166,220,1766,293,5156,3.81,713,1528,761,4.22,0.05,4879.68,0.09,0.06,4.4,0.01,0.02,0.47,0.09,0.69,0.009,0.865,,Zircon_07Sep22_Hodgin_1,
IR22-1,IR22-1 L 72,925,386,1.94,0.417,1881,240,7,0.00057,20.33736902,0.012082427,16.61812896,0.001813902,5.267528607,0.315680692,551.3,5.3,0.04831,15.8,11.5,2.33,2.36,115,372,372,12.2,2.01,2.02,11.7,0.615,0.632,,4.2,16.6,234,4.93,4611,,12.1,0.295,33.9,0.25,4.68,13.7,0.902,103,37.6,457,167,672,132,1035,186,5082,3.52,386,925,728,30.61,0.07,2844.16,0.08,0.04,3.43,0.01,0.03,0.42,0.08,1.1,0.012,0.894,,Zircon_07Sep22_Hodgin_1,
IR22-1,IR22-1 L 75,1010,452,2.12,0.447,2068,288,6,0.0006,18.99670541,0.013158686,14.12156646,0.001767405,3.484982272,0.244484301,565.8,3.5,0.054,13.7,12.1,2.3,2.33,371,308,308,13.3,1.86,1.87,11.4,0.396,0.421,,14.2,12.4,310,3.26,6009,,9.09,0.157,24.3,0.344,7.46,20.2,1.63,133,48,581,217,902,175,1426,244,5177,3.05,452,1010,692,25.67,0.1,3779.28,0.08,0.05,2.98,0.01,0.02,0.45,0.08,0.86,0.006,0.708,,Zircon_07Sep22_Hodgin_1,
IR22-1,IR22-1 L 76,1588,635,3.32,0.4,3233,480,12,0.00068,14.62289046,0.011862196,12.38882755,0.001767782,4.382838643,0.351689323,565.68,4.4,0.04867,11.6,13.7,2,2.04,132,272,273,12,1.47,1.48,11.4,0.499,0.519,,4.9,12.4,,,,,,,,,,,,,,,,,,,,,,,,,,,,,,,,,,,,,,,Zircon_07Sep22_Hodgin_1,
IR22-1,IR22-1 L 77,2221,1307,4.63,0.588,4341,4341,88,0.00053,10.90900056,0.010308046,11.75620185,0.001730234,5.163556953,0.437356082,577.96,5.2,0.04321,10.6,10.8,1.17,1.22,-156,262,263,10.4,1.22,1.23,11.1,0.575,0.592,,-7,13.7,406,2.12,4801,,28.2,,45.7,0.148,3.99,12.9,0.887,101,37.6,463,177,737,142,1134,193,5291,8.21,1307,2221,657,303.37,0.08,3047.14,0.07,0.04,3.44,0.01,0.02,0.59,0.27,1.1,0.025,1.959,,Zircon_07Sep22_Hodgin_1,
IR22-1,IR22-1 L 78,2160,1088,4.5,0.504,4234,2758,76,0.00049,11.97860968,0.011353195,11.99861003,0.001789724,3.81618295,0.315581902,558.75,3.8,0.04601,11.4,9.87,1.18,1.22,-2,274,275,11.5,1.37,1.38,11.5,0.439,0.463,,-0.6,12.6,606,3.16,11082,,23.6,,47.7,0.593,12.9,35.8,1.33,267,95.8,1142,409,1667,318,2515,413,5386,4.76,1088,2160,689,78.83,0.04,6925.03,0.09,0.08,4.96,0.01,0.02,0.5,0.1,0.49,0.009,0.859,,Zircon_07Sep22_Hodgin_1,
IR22-1,IR22-1 L 79,2799,2065,5.94,0.738,5375,101,2,0.00051,12.01154573,0.012073563,8.586403429,0.001689242,4.78111035,0.554068943,591.98,4.8,0.05184,7.1,10.3,1.24,1.28,278,163,164,12.2,1.04,1.05,10.9,0.52,0.538,,10.7,8.7,,,,,,,,,,,,,,,,,,,,,,,,,,,,,,,,,,,,,,,Zircon_07Sep22_Hodgin_1,
IR22-1,IR22-1 L 80,1376,591,2.83,0.429,2698,375,8,0.00065,14.04254021,0.013308845,16.78526433,0.001719848,4.083272109,0.241615884,581.45,4.1,0.05612,16.3,13.1,1.84,1.88,457,361,361,13.4,2.24,2.25,11.1,0.452,0.473,,17.5,14.2,665,7.98,5471,,17.8,0.463,31.7,0.361,6.84,14.2,1.13,120,42,535,212,868,170,1366,232,4980,4.94,591,1376,773,19.01,0.08,3600.05,0.07,0.05,3.59,0.01,0.03,0.43,0.11,0.91,0.013,1.008,,Zircon_07Sep22_Hodgin_1,
IR22-1,IR22-1 L 81,985,368,1.97,0.373,1806,32,1,0.00065,20.67267113,0.011551183,18.4592229,0.001712951,5.372172369,0.289890672,583.79,5.4,0.04891,17.7,13.1,2.72,2.75,143,414,415,11.7,2.14,2.15,11,0.592,0.608,,5.4,18.1,321,2.44,2859,,14.4,0.082,22.8,0.203,3.34,8.06,0.567,61.7,19.7,265,103,423,83.7,710,128,5897,5.25,368,985,668,43.3,0.08,1827.87,0.07,0.02,2.73,0.01,0.04,0.37,0.13,2.06,0.02,1.388,,Zircon_07Sep22_Hodgin_1,
IR22-1,IR22-1 M 151,1100,507,2.24,0.461,2311,2502,57,0.0006,17.42321304,0.011970781,19.572604,0.001679367,5.771284072,0.291439273,595.46,5.8,0.0517,18.7,12.1,2.1,2.14,272,429,429,12.1,2.35,2.36,10.8,0.624,0.632,,10.5,18.2,304,5.9,5946,,12.8,0.381,29.6,0.378,6.78,19.4,1.23,134,49.4,617,224,921,179,1464,251,3466,3.39,507,1100,744,19.11,0.07,3898.1,0.08,0.07,3.78,0.01,0.03,0.46,0.09,0.58,0.009,0.751,core,Zircon_07Sep22_Hodgin_2,
IR22-1,IR22-1 M 153,776,418,1.61,0.539,1606,126,4,0.0004,24.37689204,0.013434499,18.56538231,0.001755251,6.33214133,0.337780335,569.72,6.3,0.05551,17.5,8.17,1.99,2.01,433,389,389,13.6,2.5,2.5,11.3,0.715,0.723,,16.6,16.3,269,3.5,6315,,6.19,0.469,30.1,1.09,17.7,32.5,3.95,188,57.8,660,234,944,178,1510,266,3057,1.71,418,776,698,10.33,0.15,4124.18,0.1,0.09,3.62,0.01,0.01,0.54,0.07,0.48,0.004,0.514,core,Zircon_07Sep22_Hodgin_2,
IR22-1,IR22-1 M 156,1237,550,2.56,0.444,2903,38,1,0.00056,15.52069962,0.011914762,28.92057315,0.001732531,5.256860407,0.179223005,577.19,5.3,0.04988,28.4,11.4,1.77,1.81,189,662,662,12,3.46,3.46,11.2,0.586,0.595,,7.2,27.1,475,4.51,5730,,7.09,0.156,27.4,0.758,13.8,27.1,3.67,140,48.5,547,217,882,169,1516,257,2898,2.19,550,1237,720,19.52,0.18,3848.41,0.08,0.09,3.24,0.01,0.01,0.44,0.1,0.51,0.005,0.816,core,Zircon_07Sep22_Hodgin_2,
IR22-1,IR22-1 M 159,746,354,1.53,0.475,1586,1586,69,0.0005,30.94066521,0.012639204,23.28139325,0.001718132,4.44945837,0.187379965,582.03,4.4,0.05335,22.9,10.1,3.11,3.13,344,517,517,12.8,2.95,2.95,11.1,0.492,0.502,,13.2,20.4,248,5.49,5624,,4.34,0.15,19.8,1.11,19.1,36.5,8.28,175,54.9,638,220,882,176,1480,273,2556,1.09,354,746,738,11.89,0.32,3984.93,0.1,0.11,3.98,0.01,0.01,0.47,0.06,0.45,0.003,0.504,core,Zircon_07Sep22_Hodgin_2,
IR22-1,IR22-1 M 161,2014,1149,4.15,0.571,4175,367,8,0.00051,9.071313983,0.01264163,11.06727112,0.001674492,3.482185124,0.304594215,597.2,3.5,0.05475,10.5,10.3,0.938,0.998,402,235,236,12.8,1.4,1.41,10.8,0.375,0.388,,15.4,9.8,438,3.97,6442,,34.2,0.151,56.5,0.241,6.33,18,1.31,141,52.4,642,233,944,188,1511,257,3418,7.52,1149,2014,709,72.79,0.08,4051.29,0.08,0.08,4.54,0.02,0.03,0.57,0.18,0.53,0.023,1.333,core,Zircon_07Sep22_Hodgin_2,
IR22-1,IR22-1 M 162,2901,1877,6.56,0.647,6183,1700,25,0.0006,7.677501345,0.014077194,7.903115135,0.001768918,3.15501003,0.383687092,565.32,3.2,0.05772,7.2,12.2,0.938,1.02,519,159,160,14.2,1.11,1.13,11.4,0.359,0.374,,19.7,6.8,,,,,,,,,,,,,,,,,,,,,,,,,,,,,,,,,,,,,,overgrowth,Zircon_07Sep22_Hodgin_2,
IR22-1,IR22-1 M 165,3396,2843,7.71,0.837,7033,7033,108,0.00055,6.447929004,0.01128576,6.731816987,0.001730321,3.091760847,0.440677513,577.93,3.1,0.0473,6,11.1,0.713,0.801,64.6,142,144,11.4,0.763,0.776,11.1,0.344,0.359,,2.2,7.2,332,19.6,11927,,113,0.484,171,2.8,41.2,71.3,1.49,331,116,1262,415,1568,295,2372,361,3192,26.6,2843,3396,871,36.06,0.03,7008.63,0.12,0.11,4.24,0.03,0.04,0.84,0.24,0.27,0.047,1.432,core,Zircon_07Sep22_Hodgin_2,
IR22-1,IR22-1 M 166,3414,1955,7.21,0.573,6757,3687,74,0.00061,10.30358385,0.012501425,9.408335887,0.001672971,4.361142649,0.454105731,597.74,4.4,0.0542,8.3,12.3,1.27,1.33,379,187,189,12.6,1.18,1.19,10.8,0.47,0.48,,14.6,8.8,545,6.07,9886,,78.5,2.23,105,5.53,50.4,62.9,1.09,243,80.5,929,320,1306,256,2098,340,3029,25.9,1955,3414,747,7.31,0.03,5798.74,0.1,0.11,3.03,0.02,0.04,0.57,0.2,0.31,0.037,1.627,overgrowth,Zircon_07Sep22_Hodgin_2,
IR22-1,IR22-1 M 168,3458,2800,7.66,0.81,6956,450,7,0.00057,8.057951929,0.012479668,8.861551386,0.00166385,3.285846515,0.357503178,601.02,3.3,0.0544,8.2,11.5,0.928,1,388,185,186,12.6,1.11,1.12,10.7,0.352,0.365,,14.9,8,326,18.7,12423,,105,1.38,200,3.97,54.9,89.7,1.81,411,134,1444,432,1619,310,2344,357,3300,20.2,2800,3458,865,20.89,0.03,7402.41,0.15,0.11,5.22,0.03,0.04,0.81,0.23,0.27,0.045,1.475,core,Zircon_07Sep22_Hodgin_2,
IR22-1,IR22-1 S 15,409,159,0.802,0.389,817,187,11,0.00035,43.96986701,0.011309012,28.28513781,0.001742863,7.563941422,0.267417521,573.77,7.6,0.04706,27.3,7.09,3.12,3.14,52.3,650,651,11.4,3.21,3.22,11.2,0.848,0.887,,1.7,28.6,115,2.2,2373,,3.49,,9.66,0.223,5.78,11.1,0.736,63.3,22,250,93.7,380,83.5,710,113,6189,0.974,159,409,660,42.44,0.08,1743.43,0.07,0.02,3.58,0.01,0.02,0.39,0.07,2.61,0.005,0.576,core,Zircon_01Sep22_Hodgin,
IR22-1,IR22-1 S 16,710,263,1.53,0.371,1299,43,1,0.00092,21.83617655,0.011561811,21.67023697,0.001727005,10.29680338,0.475158781,579.04,10.3,0.04855,19.1,18.5,4.04,4.17,126,449,449,11.7,2.51,2.53,11.1,1.14,1.17,,4.7,22.8,177,1.88,3206,,9.19,,24.6,0.165,5.62,11.5,1.02,75,27.2,312,120,490,100,932,139,6690,2.21,263,710,647,145.69,0.11,2238.17,0.07,0.02,4.15,0.01,0.03,0.37,0.08,2.09,0.01,0.761,core,Zircon_01Sep22_Hodgin,
IR22-1,IR22-1 S 18,382,343,13.3,0.898,10808,10808,412,0.00875,8.038608927,0.175167651,10.20151058,0.025752737,6.886772809,0.675073829,38.83,6.9,0.04933,7.5,176,14.1,17.2,164,176,177,164,15.4,15.9,164,11.1,11.7,,0,11.6,319,4.75,1092,,2.64,0.016,30.9,0.09,1.46,4.94,0.869,21.2,8,95.3,38.1,189,44.4,424,78.9,8804,1.65,343,382,724,205.01,0.26,936.79,0.04,0.01,1.6,0.01,0.01,0.9,0.31,8.06,,,core,Zircon_01Sep22_Hodgin,
IR22-1,IR22-1 S 19,3222,2029,6.9,0.63,5832,5832,148,0.00055,9.198617345,0.009171157,15.67126188,0.001726494,5.241267104,0.334450866,579.21,5.2,0.03853,14.8,11.1,1.02,1.2,-449,389,389,9.27,1.45,1.46,11.1,0.582,0.636,,-20,19.7,,,,,,,,,,,,,,,,,,,,,,,,,,,,,,,,,,,,,,core,Zircon_01Sep22_Hodgin,
IR22-1,IR22-1 S 20,2772,1582,5.74,0.571,4767,534,12,0.00055,11.91497745,0.011048493,10.96585391,0.001676748,4.715527571,0.430019186,596.39,4.7,0.04779,9.9,11.1,1.32,1.46,88.9,235,235,11.2,1.22,1.25,10.8,0.509,0.566,,3.2,11.5,228,4.1,5998,,59.2,0.164,67.4,1.09,15.8,33.6,0.816,157,55.7,666,220,897,187,1614,239,11086,23.6,1582,2772,711,39.07,0.03,4154.24,0.08,0.02,2.51,0.02,0.04,0.57,0.26,1.85,0.037,1.717,core,Zircon_01Sep22_Hodgin,
IR22-1,IR22-1 S 21,3236,2774,7.48,0.857,5376,177,4,0.00064,8.326456461,0.010564308,14.85409579,0.001690356,6.602262826,0.444474232,591.59,6.6,0.04533,13.3,12.9,1.07,1.29,-38,323,323,10.7,1.58,1.6,10.9,0.718,0.76,,-2,16.5,,,,,,,,,,,,,,,,,,,,,,,,,,,,,,,,,,,,,,core,Zircon_01Sep22_Hodgin,
IR22-1,IR22-1 S 23,1105,559,2.28,0.506,1768,73,2,0.00061,22.23518378,0.012447139,19.46988116,0.001670927,5.755744525,0.295622992,598.47,5.8,0.05403,18.6,12.3,2.72,2.81,372,419,419,12.6,2.43,2.45,10.8,0.619,0.666,,14.3,17.3,373,2.6,4755,,15.2,0.089,33.6,0.309,6.74,15.4,0.644,115,40.3,474,171,708,137,1113,192,8607,4.32,559,1105,673,49.77,0.05,3006.75,0.09,0.02,3.53,0.01,0.03,0.51,0.12,1.81,0.014,0.993,core,Zircon_01Sep22_Hodgin,
IR22-1,IR22-1 S 24,3229,2547,7.39,0.789,5308,1098,46,0.00059,10.61969424,0.009795053,12.27936686,0.001753487,4.025058159,0.327790366,570.29,4,0.04051,11.6,11.9,1.26,1.43,-318,298,298,9.9,1.21,1.23,11.3,0.454,0.523,,-14.1,14.7,338,16.5,10921,,101,0.382,170,3,41.5,77.1,1.53,348,118,1227,405,1496,284,2394,345,9326,21,2547,3229,850,38.9,0.03,6910.48,0.12,0.04,4.79,0.03,0.04,0.79,0.23,0.85,0.042,1.349,core,Zircon_01Sep22_Hodgin,
IR22-1,IR22-1 S 25,2472,1985,5.34,0.803,3994,68,4,0.00052,14.56908047,0.01188152,12.89012239,0.001655165,5.657696022,0.438917169,604.17,5.7,0.05206,11.6,10.6,1.54,1.65,288,265,265,12,1.54,1.56,10.7,0.603,0.65,,11.1,12.5,,,,,,,,,,,,,,,,,,,,,,,,,,,,,,,,,,,,,,core,Zircon_01Sep22_Hodgin,
IR22-1,IR22-1 S 26,727,435,1.5,0.598,1223,41,2,0.00044,21.14330679,0.011403463,26.38213724,0.001717147,7.801297265,0.295703763,582.36,7.8,0.04816,25.2,8.99,1.9,1.97,107,595,596,11.5,3.02,3.03,11.1,0.862,0.898,,3.9,26.3,341,10.8,5812,,5.9,0.101,12.6,0.495,12.9,26.7,3.26,168,52.8,624,210,845,160,1333,238,6391,1.74,435,727,805,13.81,0.15,3687.48,0.1,0.04,3.4,0.01,0.01,0.6,0.07,1.1,0.004,0.545,core,Zircon_01Sep22_Hodgin,
IR22-1,IR22-1 S 27,3429,2324,7.36,0.678,5713,6284,75,0.00051,9.865116704,0.011142023,11.94207652,0.001717868,3.627577307,0.303764366,582.12,3.6,0.04704,11.4,10.4,1.02,1.18,51.3,272,272,11.3,1.34,1.36,11.1,0.401,0.474,,1.7,12.2,,,,,,,,,,,,,,,,,,,,,,,,,,,,,,,,,,,,,,overgrowth,Zircon_01Sep22_Hodgin,
IR22-1,IR22-1 S 28,5377,3855,11.6,0.717,9154,9154,206,0.00061,5.397037544,0.013691843,10.98023759,0.001621753,4.541210647,0.413580363,616.62,4.5,0.06123,10,12.3,0.664,0.963,647,215,215,13.8,1.51,1.54,10.4,0.474,0.531,,24.3,8.9,385,15.7,8265,,285,0.535,215,1.43,21,43,0.983,215,77.8,842,289,1201,236,2175,306,10764,83.8,3855,5377,845,60.31,0.03,5624.58,0.08,0.03,3.4,0.05,0.07,0.72,0.47,1.3,0.131,2.472,core,Zircon_01Sep22_Hodgin,
IR22-1,IR22-1 S 29,926,503,1.94,0.543,1639,401,23,0.00056,18.83034686,0.010063127,25.62482336,0.00171695,7.287965338,0.284410364,582.43,7.3,0.04251,24.6,11.3,2.12,2.21,-196,615,615,10.2,2.59,2.6,11.1,0.805,0.844,,-8.8,28.8,326,5.41,6346,,5.06,0.07,21.1,1.03,19.6,37.1,9.89,198,60.9,694,236,977,195,1716,285,5534,1.12,503,926,736,19.41,0.35,4451.29,0.1,0.05,4.54,0.01,0.01,0.54,0.08,0.87,0.003,0.54,core,Zircon_01Sep22_Hodgin,
IR22-1,IR22-1 S 31,2117,1058,4.59,0.5,3724,283,5,0.00059,19.76200467,0.012350086,13.47291926,0.001784323,5.024897967,0.37296282,560.44,5,0.0502,12.5,12,2.36,2.46,204,290,290,12.5,1.67,1.69,11.5,0.577,0.634,,7.8,13.2,,,,,,,,,,,,,,,,,,,,,,,,,,,,,,,,,,,,,,core,Zircon_01Sep22_Hodgin,
IR22-1,IR22-1 S 32,3597,2810,8.16,0.781,6223,268,12,0.00055,10.70494325,0.011300481,11.32082788,0.001757618,6.204611886,0.548070508,568.95,6.2,0.04663,9.5,11.1,1.19,1.35,30.4,227,227,11.4,1.28,1.31,11.3,0.702,0.748,,0.8,12.8,,,,,,,,,,,,,,,,,,,,,,,,,,,,,,,,,,,,,,core,Zircon_01Sep22_Hodgin,
IR22-1,IR22-1 S 33,1146,603,2.38,0.527,2046,7114,288,0.00051,17.34920737,0.011520993,16.40644565,0.001726192,6.341673488,0.386535489,579.31,6.3,0.04841,15.1,10.4,1.8,1.89,119,357,357,11.6,1.9,1.92,11.1,0.704,0.749,,4.4,16.7,568,7.48,5308,,10.4,2.07,32.7,1.37,15.4,26.4,1.68,149,47.6,559,191,815,156,1411,208,6674,2.86,603,1146,767,4.76,0.08,3617.33,0.09,0.03,3.63,0.01,0.02,0.53,0.11,1.26,0.007,0.812,core,Zircon_01Sep22_Hodgin,
MT24-1,MT24-1_M_54,675,227,1.06,0.336,2021,144,3.79,0.00062,9.927752151,0.01164,9.6,0.00128,3.6,0.369244909,782.99,3.6,0.06609,8.9,12.5,1.25,1.27,809,187,187,11.7,1.12,1.14,8.23,0.292,0.328,99,30,0.2,,,,,,,,,,,,,,,,,,,,,,,,,,,,,,,,,,,,,,,,sweeps 23-41
MT24-1,MT24-1_M_72,894,361,1.37,0.404,2658,159,5.68,0.00046,7.933896901,0.00863,9.5,0.00129,3.1,0.326826079,777.94,3.1,0.04867,9,9.34,0.741,0.764,132,211,211,8.72,0.823,0.838,8.28,0.256,0.297,93.7,5.1,10,624,2.7,1733,509584,5.4,10,51.9,3.99,20.1,8.4,0.145,33.2,11.9,164,65,304,69.1,650,108,13090,3.16,361,894,676,2.02,0.03,1500.73,0.04,0.01,1.71,0.01,0.01,0.4,0.21,7.55,0.008302151,1.374540789,,Zircon_26Mar21_Gerasimov_1_align20_EBHedit.csv,sweeps 23-41
MT24-1,MT24-1_M_27,993,438,1.54,0.441,2812,169,3.41,0.00045,12.50180881,0.00787,8.3,0.0013,4.5,0.537766529,768.5,4.5,0.04384,7,9.03,1.13,1.14,-120,172,173,7.96,0.657,0.673,8.38,0.374,0.403,107,-5.4,10.1,398,3.95,2353,494873,6.37,,26.2,0.106,2.16,5.78,0.162,42.1,16.9,231,93.9,423,92.9,840,145,11438,3.41,438,993,708,242.02,0.03,1919.98,0.04,0.01,1.87,0.01,0.01,0.44,0.19,4.86,0.007586564,1.18209163,,Zircon_26Mar21_Gerasimov_1_align20_EBHedit.csv,sweeps 23-41
MT24-1,MT24-1_M_36,927,374,1.44,0.403,2626,127,4.26,0.00047,11.68098872,0.00874,12,0.0013,5.9,0.494872303,766.89,5.9,0.04863,10.4,9.4,1.1,1.11,130,246,246,8.84,1.06,1.07,8.4,0.499,0.522,93.5,5,12.2,730,3.42,2042,510377,6.48,11.4,49.3,4.26,22.6,8.39,0.23,36.9,13.9,183,74,349,79.2,751,129,12225,3.13,374,927,696,1.73,0.04,1711.6,0.04,0.01,2.07,0.01,0.02,0.4,0.18,5.99,0.008622827,1.233710126,,Zircon_26Mar21_Gerasimov_1_align20_EBHedit.csv,sweeps 23-41
MT24-1,MT24-1_M_62,934,369,1.41,0.395,2724,141,5.66,0.00034,15.08111206,0.00948,11.9,0.00131,4.2,0.352079079,765.68,4.2,0.05262,11.1,6.79,1.02,1.03,312,253,253,9.58,1.13,1.15,8.41,0.352,0.384,97.3,12.1,2.2,332,2.62,1770,480432,5.55,,25.7,0.07,1.37,4.37,0.05,31,12.6,168,67.2,318,73,668,110,12477,3.59,369,934,674,360.6,0.01,1479.45,0.04,0.01,1.55,0.01,0.02,0.39,0.21,7.05,0.008312305,1.399167481,,Zircon_26Mar21_Gerasimov_1_align20_EBHedit.csv,sweeps 23-41
MT24-1,MT24-1_M_44,705,256,1.08,0.363,2074,103,4.72,0.00043,9.985931489,0.00978,8.9,0.00131,3.7,0.420242966,763.65,3.7,0.05416,8.1,8.73,0.872,0.889,378,182,182,9.88,0.877,0.895,8.44,0.316,0.351,97.8,14.6,1.1,566,3.42,2068,487820,2.53,0.01,9.54,0.07,1.52,4.71,0.249,33.3,14.3,190,76.9,359,83.4,768,134,10366,1.4,256,705,696,112.41,0.06,1674.46,0.04,0.01,1.8,0,0.01,0.36,0.12,5.01,0.003294989,0.918229114,,Zircon_26Mar21_Gerasimov_1_align20_EBHedit.csv,sweeps 23-41
MT24-1,MT24-1_M_67,1219,642,1.97,0.527,3840,624,15.3,0.00044,10.04661238,0.00952,5.4,0.00131,2.4,0.433518969,763.54,2.4,0.05271,4.9,8.97,0.901,0.919,316,111,112,9.62,0.521,0.55,8.44,0.199,0.251,97.3,12.3,0.9,,,,,,,,,,,,,,,,,,,,,,,,,,,,,,,,,,,,,,,,sweeps 23-41
MT24-1,MT24-1_L_3,468,171,0.729,0.366,1235,39.3,2.55,0.0005,25.40632886,0.00847,16.2,0.00131,5.2,0.320856961,762.26,5.2,0.04682,15.4,10.1,2.56,2.57,39.9,368,368,8.56,1.38,1.39,8.45,0.44,0.466,78.8,1.3,195.3,357,3.26,1553,496894,1.99,0.003,8.21,0.024,1.04,3.47,0.168,24.5,10.4,139,57,273,60.9,569,102,11948,1.14,171,468,692,224.19,0.06,1248.54,0.04,0.01,1.75,0,0.01,0.37,0.11,7.69,0.003504339,0.823319477,,Zircon_26Mar21_Gerasimov_1_align20_EBHedit.csv,sweeps 23-41
MT24-1,MT24-1_M_71,857,456,1.41,0.532,2690,437,10.2,0.00048,10.65488897,0.01014,12.8,0.00131,4.3,0.333451404,761.66,4.3,0.05602,12.1,9.67,1.03,1.05,453,268,268,10.2,1.31,1.32,8.46,0.361,0.393,98.1,17.4,1.1,,,,,,,,,,,,,,,,,,,,,,,,,,,,,,,,,,,,,,,,sweeps 23-41
MT24-1,MT24-1_M_60,1081,589,1.77,0.545,3305,121,7.6,0.00046,7.599715024,0.0083,7.6,0.00132,2,0.259759731,757.04,2,0.04557,7.3,9.35,0.711,0.735,-25,178,178,8.39,0.634,0.653,8.51,0.168,0.228,134.2,-1.4,243.9,408,3.12,3085,490440,3.37,1.06,24.6,0.487,5,10.4,0.425,60,23.6,303,119,540,118,1053,171,11316,1.8,589,1081,688,8.38,0.05,2428.42,0.05,0.02,1.87,0,0.01,0.55,0.19,3.67,0.00319833,1.026442468,,Zircon_26Mar21_Gerasimov_1_align20_EBHedit.csv,sweeps 23-41
MT24-1,MT24-1_L_14,621,190,0.932,0.307,1758,1134,34.9,0.00036,22.64617259,0.00961,10.4,0.00132,4.9,0.472682275,756.34,4.9,0.05271,9.2,7.21,1.63,1.64,317,209,209,9.71,1.01,1.02,8.52,0.419,0.436,97.3,12.3,1.8,344,2.78,1494,471888,5.11,0.109,11.4,0.123,1.24,2.8,0.097,21.1,9.26,130,54.4,263,61.6,602,108,11741,2.57,190,621,678,24.07,0.04,1265.38,0.03,0.01,1.99,0.01,0.03,0.31,0.13,7.86,0.008480719,1.031179808,,Zircon_26Mar21_Gerasimov_1_align20_EBHedit.csv,sweeps 30-41
MT24-1,MT24-1_M_30,749,321,1.15,0.429,2076,589,21.9,0.00035,15.98902648,0.00914,11.8,0.00132,5,0.421337342,755.06,5,0.05006,10.7,7.11,1.14,1.15,198,249,249,9.24,1.09,1.1,8.53,0.424,0.452,95.7,7.7,5.4,346,2.58,2499,501740,4.48,0.964,15.3,0.466,3.56,8.31,0.171,50.6,19.9,254,97.9,445,91.8,811,140,13002,2.34,321,749,672,5.58,0.03,1939.05,0.05,0.01,1.91,0.01,0.01,0.43,0.13,5.2,0.005521163,0.923713809,,Zircon_26Mar21_Gerasimov_1_align20_EBHedit.csv,sweeps 23-41
MT24-1,MT24-1_M_29,812,259,1.23,0.319,2346,666,17.7,0.00041,10.30381478,0.00799,11,0.00133,3.8,0.346329597,754.56,3.8,0.04371,10.4,8.32,0.857,0.873,-127,256,256,8.08,0.889,0.901,8.54,0.326,0.361,106.7,-5.7,13.6,342,3.32,2015,493252,7.19,,16.2,0.05,1.19,3.6,0.155,28.6,12.3,176,76,372,86,845,153,11115,3.1,259,812,693,317.38,0.05,1769.77,0.03,0.01,2.32,0.01,0.03,0.32,0.13,5.52,0.008508424,0.961279529,,Zircon_26Mar21_Gerasimov_1_align20_EBHedit.csv,sweeps 23-41
MT24-1,MT24-1_M_43,121,40,0.2,0.33,370,11,0.588,0.00075,33.33775675,0.00981,20.7,0.00133,7.7,0.372175423,752.55,7.7,0.05352,19.2,15.2,5.06,5.07,351,434,434,9.91,2.04,2.05,8.56,0.659,0.677,97.6,13.6,3,264,16,762,493038,0.756,0.005,1.54,0.048,1.17,2.76,0.08,17.6,6.36,74.3,27.5,121,27,248,42,9182,0.503,40,121,847,23.53,0.04,569.43,0.06,0,1.5,0.01,0.02,0.33,0.05,12.05,0.00305319,0.48965568,,Zircon_26Mar21_Gerasimov_1_align20_EBHedit.csv,sweeps 23-41
MT24-1,MT24-1_M_56,1296,805,2.09,0.621,3601,3601,405,0.00038,10.89771394,0.00704,16.2,0.00133,7.5,0.461320238,752.31,7.5,0.03839,14.4,7.65,0.833,0.86,-458,380,380,7.12,1.15,1.16,8.56,0.64,0.651,101.9,-20.3,1.6,,,,,,,,,,,,,,,,,,,,,,,,,,,,,,,,,,,,,,,,sweeps 35-41
MT24-1,MT24-1_M_28,701,277,1.16,0.396,1976,225,5.55,0.00063,15.91012876,0.01121,12.9,0.00133,5.1,0.397417304,751.98,5.1,0.06112,11.8,12.7,2.02,2.03,643,254,254,11.3,1.45,1.46,8.57,0.438,0.465,98.7,24.3,0.5,,,,,,,,,,,,,,,,,,,,,,,,,,,,,,,,,,,,,,,,sweeps 23-41
MT24-1,MT24-1_M_73,1070,509,1.75,0.476,3315,77.1,1.64,0.00047,9.255906766,0.00935,11.2,0.00134,4.3,0.379447659,746.76,4.3,0.05064,10.4,9.53,0.882,0.902,224,240,240,9.45,1.05,1.07,8.63,0.367,0.399,96.2,8.7,4.1,,,,,,,,,,,,,,,,,,,,,,,,,,,,,,,,,,,,,,,,sweeps 23-41
MT24-1,MT24-1_M_75,865,380,1.66,0.44,2639,75.2,1.53,0.00098,4.400953416,0.02038,6.8,0.00134,3.3,0.480344767,744.06,3.3,0.10997,6,19.9,0.874,0.96,1799,109,109,20.5,1.38,1.43,8.66,0.284,0.325,99.5,57.7,0,,,,,,,,,,,,,,,,,,,,,,,,,,,,,,,,,,,,,,,,sweeps 23-41
MT24-1,MT24-1_M_42 z9,1213,639,2.09,0.527,3376,79.2,2.33,0.00054,14.64156353,0.01184,14.1,0.00135,6.3,0.443060134,742.1,6.3,0.0637,12.7,11,1.6,1.63,732,268,269,11.9,1.68,1.69,8.68,0.543,0.556,98.8,27.3,0.4,363,5.78,2162,443703,7.53,0.243,24.2,0.227,2.38,5.1,0.376,37.4,15.5,210,79.8,376,81.3,755,129,10230,3.4,639,1213,742,25.2,0.08,1716.91,0.04,0.01,2.21,0.01,0.01,0.53,0.3,4.73,0.009971827,1.607161228,,Zircon_26Mar21_Gerasimov_1_align20_EBHedit.csv,sweeps 35-41
MT24-1,MT24-1_L_21,623,248,0.985,0.398,1893,86.3,3.85,0.00043,13.50699875,0.00837,10.9,0.00135,4,0.370265239,741.45,4,0.04502,10.1,8.7,1.17,1.19,-54,247,247,8.47,0.92,0.933,8.69,0.351,0.385,116,-2.6,72.4,289,3.2,1533,480816,3.56,,13.3,0.088,1.36,3.55,0.176,25,10.6,139,57.5,270,61.4,556,95.8,11069,1.81,248,623,690,147.98,0.06,1233.32,0.04,0.01,1.97,0.01,0.01,0.4,0.16,7.22,0.006411207,1.121536168,,Zircon_26Mar21_Gerasimov_1_align20_EBHedit.csv,sweeps 23-41
MT24-1,MT24-1_M_48,757,338,1.2,0.446,2267,83.3,3.5,0.00038,15.93537949,0.00891,11.7,0.00135,4.9,0.419098498,741.36,4.9,0.04792,10.6,7.59,1.21,1.22,95.5,251,251,9.01,1.05,1.06,8.69,0.425,0.454,90.9,3.6,23.9,323,4.29,1591,482359,3.26,,13.4,0.071,1.45,4.16,0.228,27.8,11.4,146,57.8,271,62,566,94.6,10885,1.85,338,757,715,184.26,0.06,1256.06,0.04,0.01,1.77,0,0.01,0.45,0.21,6.84,0.005762058,1.336697491,,Zircon_26Mar21_Gerasimov_1_align20_EBHedit.csv,sweeps 23-41
MT24-1,MT24-1_M_66,1169,599,1.95,0.512,3667,321,8,0.00048,8.93094907,0.00991,7.2,0.00135,4.1,0.572607123,738.96,4.1,0.05313,5.9,9.64,0.861,0.882,334,134,134,10,0.719,0.743,8.72,0.36,0.394,97.4,13,1.1,,,,,,,,,,,,,,,,,,,,,,,,,,,,,,,,,,,,,,,,sweeps 23-41
MT24-1,MT24-1_M_58,933,432,1.59,0.463,2841,462,8.15,0.00058,13.92439973,0.0109,12.7,0.00135,3.9,0.306382962,738.38,3.9,0.05835,12.1,11.8,1.64,1.66,543,265,265,11,1.39,1.41,8.72,0.34,0.376,98.4,20.7,0.8,,,,,,,,,,,,,,,,,,,,,,,,,,,,,,,,,,,,,,,,sweeps 23-41
MT24-1,MT24-1_L_2,890,338,1.41,0.38,2568,225,7.03,0.00041,11.24607842,0.00941,9.8,0.00136,4.4,0.445489682,737.38,4.4,0.05034,8.8,8.37,0.941,0.956,211,203,203,9.51,0.928,0.944,8.74,0.381,0.412,95.9,8.2,4,350,2.78,2165,493378,6.93,0,19.7,0.1,1.58,4.45,0.194,33.6,14.3,198,82.1,394,89.9,838,144,11893,3.46,338,890,678,128.26,0.05,1820.33,0.03,0.01,2,0.01,0.02,0.38,0.16,5.49,0.008267837,1.061834669,,Zircon_26Mar21_Gerasimov_1_align20_EBHedit.csv,sweeps 23-41
MT24-1,MT24-1_L_22 z8,1176,600,1.97,0.51,3837,273,14.5,0.00048,12.00256538,0.00963,8.1,0.00136,3.2,0.388504457,735.3,3.2,0.05134,7.5,9.63,1.16,1.17,256,172,172,9.73,0.786,0.806,8.76,0.276,0.319,96.6,9.9,2.3,,,,,,,,,,,,,,,,,,,,,,,,,,,,,,,,,,,,,,,,sweeps 23-41
MT24-1,MT24-1_M_31,846,335,1.57,0.397,2539,67.3,1.62,0.00095,18.09185773,0.01626,15.6,0.00136,2.5,0.157756238,734.3,2.5,0.08657,15.4,19.2,3.47,3.49,1351,296,297,16.4,2.53,2.54,8.77,0.215,0.268,99.4,46.4,0.1,,,,,,,,,,,,,,,,,,,,,,,,,,,,,,,,,,,,,,,,sweeps 23-41
MT24-1,MT24-1_L_7,882,408,1.44,0.462,2700,307,14.2,0.00043,10.78481316,0.00962,8.3,0.00136,4,0.484966405,733.52,4,0.0512,7.3,8.64,0.932,0.948,250,167,167,9.72,0.803,0.823,8.78,0.353,0.387,96.5,9.7,2.4,417,3.33,1959,484362,4.58,0.43,21.6,0.211,2.8,5.15,0.219,34.7,13.5,186,74.5,345,76.8,700,121,11411,2.64,408,882,693,17.56,0.05,1581.66,0.04,0.01,1.74,0.01,0.01,0.46,0.21,5.83,0.00654693,1.261214719,,Zircon_26Mar21_Gerasimov_1_align20_EBHedit.csv,sweeps 23-41
MT24-1,MT24-1_L_8,951,455,1.55,0.478,2863,3209,67.4,0.00044,10.50478659,0.00727,11.4,0.00136,3.3,0.289357116,733.5,3.3,0.03868,10.9,8.92,0.936,0.953,-439,288,288,7.36,0.838,0.849,8.78,0.29,0.331,102,-19.4,1.3,346,3.76,1797,469903,4.27,0.025,17.1,0.082,1.56,3.68,0.184,29.1,12.4,167,65.9,310,69.4,637,112,11422,2.61,455,951,704,93.24,0.05,1425.39,0.04,0.01,1.64,0,0.01,0.48,0.25,6.36,0.006700877,1.493807173,,Zircon_26Mar21_Gerasimov_1_align20_EBHedit.csv,sweeps 23-41
MT24-1,MT24-1_M_74,1729,1230,2.97,0.711,4843,171,2.83,0.00042,9.845835728,0.0077,9.8,0.00136,2.1,0.215563801,732.63,2.1,0.04093,9.6,8.5,0.837,0.87,-292,245,245,7.79,0.762,0.77,8.79,0.186,0.223,103,-12.9,2.5,585,4.14,2769,465315,8.13,0.66,36.8,0.354,2.81,7.2,0.292,48.3,20.1,269,107,476,104,941,158,10938,3.96,1230,1729,712,18.7,0.05,2170.63,0.04,0.01,2.05,0,0.01,0.71,0.44,3.95,0.008645553,1.8387496,,Zircon_26Mar21_Gerasimov_1_align20_EBHedit.csv,sweeps 35-41
MT24-1,MT24-1_M_57,1589,976,2.71,0.614,5011,439,6.25,0.00044,4.901919812,0.00893,8.3,0.00137,5,0.595802468,731.18,5,0.04733,6.7,8.87,0.435,0.47,65.9,159,160,9.02,0.749,0.767,8.81,0.437,0.466,86.6,2.3,32.3,555,3.54,2929,491221,8.87,0.295,35,0.192,2.43,7.38,0.223,55.3,21.6,286,114,514,114,1055,170,10818,4.37,976,1589,699,35.99,0.03,2374.05,0.04,0.02,2.03,0.01,0.01,0.61,0.33,3.69,0.008408497,1.506816266,,Zircon_26Mar21_Gerasimov_1_align20_EBHedit.csv,sweeps 23-41
MT24-1,MT24-1_M_45,971,435,1.58,0.448,2932,100,3.96,0.00042,11.76490138,0.00944,9.6,0.00137,3.5,0.367204249,729.83,3.5,0.04997,8.9,8.57,1.01,1.02,194,207,207,9.54,0.909,0.926,8.83,0.31,0.349,95.4,7.5,4.9,,,,,,,,,,,,,,,,,,,,,,,,,,,,,,,,,,,,,,,,sweeps 23-41
MT24-1,MT24-1_M_33,577,204,0.963,0.353,1749,71.2,2.9,0.0006,18.60405031,0.01206,15.7,0.00137,4.6,0.292275733,728.68,4.6,0.06372,15,12,2.24,2.25,732,318,318,12.2,1.9,1.91,8.84,0.405,0.436,98.8,27.4,0.5,,,,,,,,,,,,,,,,,,,,,,,,,,,,,,,,,,,,,,,,sweeps 23-41
MT24-1,MT24-1_M_70,1112,602,1.91,0.542,3557,3988,171,0.0005,13.22205118,0.00989,7.4,0.00137,4,0.540082328,728.53,4,0.05226,6.2,10.1,1.34,1.36,297,142,142,9.99,0.733,0.756,8.84,0.352,0.387,97,11.5,1.4,,,,,,,,,,,,,,,,,,,,,,,,,,,,,,,,,,,,,,,,sweeps 23-41
MT24-1,MT24-1_L_25,821,361,1.34,0.439,2635,107,4.38,0.00044,11.47088338,0.00948,8.1,0.00137,3.9,0.480883421,728.41,3.9,0.05007,7.1,8.9,1.02,1.04,198,164,164,9.58,0.768,0.787,8.84,0.342,0.378,95.5,7.7,3.7,376,2.47,2670,484829,21.5,0.116,21.9,0.174,2.21,7.75,0.055,58,22.8,295,111,472,92.4,758,120,12269,6.13,361,821,669,37.93,0.01,1960.99,0.06,0.01,3.51,0.03,0.06,0.44,0.14,4.59,0.028390309,1.082495382,,Zircon_26Mar21_Gerasimov_1_align20_EBHedit.csv,sweeps 23-41
MT24-1,MT24-1_M_53,1069,548,1.78,0.513,3335,358,13.5,0.00043,10.7608921,0.01001,7.5,0.00137,4.6,0.617191099,728.3,4.6,0.05285,5.9,8.7,0.936,0.952,322,134,134,10.1,0.752,0.775,8.85,0.408,0.439,97.3,12.5,1.1,322,2.92,3212,483421,6.92,0,24.2,0.144,3.77,9.64,0.32,67.7,25.5,333,129,568,123,1123,182,11617,2.55,548,1069,683,124.25,0.04,2590.41,0.05,0.02,2.71,0.01,0.01,0.51,0.17,3.62,0.006156899,0.951596781,,Zircon_26Mar21_Gerasimov_1_align20_EBHedit.csv,sweeps 23-41
MT24-1,MT24-1_M_46,1173,579,1.95,0.494,3630,152,4.33,0.00044,9.572048697,0.01002,8.4,0.00137,5.3,0.631757545,728.15,5.3,0.05292,6.5,8.96,0.858,0.876,326,148,148,10.1,0.847,0.867,8.85,0.47,0.497,97.3,12.6,1.2,802,4.24,2436,487397,7.53,12.3,58.1,4.16,22.4,10.9,0.259,49.7,18.1,239,92.8,425,95.5,865,145,11246,4.08,579,1173,714,1.99,0.03,2037.43,0.05,0.01,1.85,0.01,0.01,0.49,0.24,4.62,0.00870069,1.355912557,,Zircon_26Mar21_Gerasimov_1_align20_EBHedit.csv,sweeps 23-41
MT24-1,MT24-1_M_61,859,308,1.45,0.359,2694,161,6.22,0.00063,13.15611499,0.01114,10.8,0.00138,3.6,0.334461942,725.64,3.6,0.05864,10.2,12.8,1.68,1.7,554,223,223,11.3,1.21,1.23,8.88,0.321,0.36,98.4,21.1,0.6,,,,,,,,,,,,,,,,,,,,,,,,,,,,,,,,,,,,,,,,sweeps 23-41
MT24-1,MT24-1_M_52,1166,592,2.02,0.507,3593,129,3.28,0.00052,7.551876665,0.0119,9.5,0.00138,4.1,0.430595594,723.13,4.1,0.0624,8.6,10.6,0.798,0.826,688,182,183,12,1.13,1.15,8.91,0.363,0.398,98.7,25.8,0.3,,,,,,,,,,,,,,,,,,,,,,,,,,,,,,,,,,,,,,,,sweeps 23-41
MT24-1,MT24-1_M_35,1015,503,1.7,0.496,3132,3132,195,0.00044,13.09611038,0.01019,11.4,0.00138,4.6,0.406687377,722.55,4.6,0.05339,10.4,8.95,1.17,1.19,345,236,236,10.3,1.17,1.19,8.92,0.414,0.445,97.4,13.4,1.8,,,,,,,,,,,,,,,,,,,,,,,,,,,,,,,,,,,,,,,,sweeps 23-41
MT24-1,MT24-1_L_20,790,362,1.35,0.458,2163,61,7.18,0.00057,15.67746067,0.00919,24.6,0.00138,8.1,0.330220144,722.28,8.1,0.04816,23.2,11.6,1.82,1.85,107,548,548,9.29,2.27,2.28,8.92,0.723,0.734,91.7,4,42.5,486,2.41,2447,432183,2.91,3.09,25.9,1.25,8.11,8.88,0.14,48.1,18.2,237,94.1,423,90.4,848,136,11162,1.67,362,790,667,3.22,0.02,1942,0.05,0.01,1.74,0,0.01,0.46,0.15,4.56,0.003437308,0.931840203,,Zircon_26Mar21_Gerasimov_1_align20_EBHedit.csv,sweeps 35-41
MT24-1,MT24-1_L_12 z6,4086,5863,8.53,1.43,13267,445,21.1,0.00044,3.857447911,0.00915,3.6,0.00138,2.3,0.636995245,722.14,2.3,0.04793,2.8,8.95,0.345,0.389,95.6,66.6,66.9,9.25,0.336,0.376,8.92,0.207,0.263,90.7,3.6,6.5,924,7.64,13640,472332,21.7,0.244,160,2.44,40.6,75.4,5.42,357,126,1483,540,2205,462,3942,644,7919,5.92,5863,4086,769,50.7,0.1,10044.39,0.08,0.08,3.67,0.01,0,1.43,0.43,0.58,0.005517927,1.036714706,,Zircon_26Mar21_Gerasimov_1_align20_EBHedit.csv,sweeps 23-41
MT24-1,MT24-1_L_24,832,338,1.49,0.407,2656,97.6,2.97,0.00073,10.8599909,0.01516,8.9,0.00138,4.2,0.46885526,722.07,4.2,0.0794,7.9,14.8,1.61,1.63,1182,156,156,15.3,1.35,1.38,8.92,0.373,0.406,99.2,41.6,0.1,1310,4.27,1884,501408,5.42,26.7,86.2,9.57,48.1,16.1,0.32,40.3,14,177,67.8,326,72.8,681,118,11993,2.94,338,832,715,1.32,0.04,1683.52,0.05,0.01,1.84,0.01,0.02,0.41,0.18,6.37,0.007950175,1.221531516,,Zircon_26Mar21_Gerasimov_1_align20_EBHedit.csv,sweeps 23-41
MT24-1,MT24-1_L_11,995,504,1.68,0.506,3088,877,30.6,0.00047,14.3893097,0.00946,8.4,0.00139,4,0.475983528,721,4,0.04945,7.4,9.5,1.37,1.38,169,173,173,9.56,0.801,0.82,8.93,0.358,0.393,94.7,6.5,5.4,690,3.37,1988,466909,5.11,8.8,43.2,3.16,15.8,8.36,0.203,38.8,14.8,195,76.6,355,79.1,718,123,11111,2.86,504,995,694,2.01,0.03,1680.49,0.04,0.01,1.78,0.01,0.01,0.51,0.25,5.59,0.007109196,1.385062169,,Zircon_26Mar21_Gerasimov_1_align20_EBHedit.csv,sweeps 23-41
MT24-1,MT24-1_M_39,1853,1256,3.23,0.678,5715,1622,75.2,0.00043,4.563884466,0.00849,7.6,0.00139,3.2,0.419009056,720.57,3.2,0.04439,6.9,8.76,0.4,0.436,-89,169,169,8.59,0.65,0.669,8.94,0.285,0.328,110.1,-4.1,19.2,515,3.48,3000,484732,9.62,0.57,37.9,0.298,3.64,7.84,0.236,56.2,22.6,294,116,534,116,1045,174,11257,4.81,1256,1853,697,22.56,0.03,2407.23,0.04,0.02,2,0.01,0.01,0.68,0.42,3.75,0.009205023,1.773051029,,Zircon_26Mar21_Gerasimov_1_align20_EBHedit.csv,sweeps 23-41
MT24-1,MT24-1_L_19,1020,540,1.72,0.529,3093,502,19.6,0.00043,9.385773423,0.0089,12,0.00139,5.4,0.451173812,718.18,5.4,0.04638,10.7,8.65,0.811,0.83,17.3,256,256,9,1.07,1.08,8.97,0.483,0.51,48.3,0.3,764,369,3.29,1830,479124,4.99,,18.8,0.07,1.43,4.15,0.158,30.7,12.8,171,68.1,316,72,665,113,11097,2.69,540,1020,692,262.23,0.04,1472.43,0.04,0.01,1.86,0,0.01,0.53,0.29,6.06,0.007502758,1.533946802,,Zircon_26Mar21_Gerasimov_1_align20_EBHedit.csv,sweeps 23-41
MT24-1,MT24-1_M_68,533,219,0.888,0.411,1736,152,7.81,0.0005,12.72649671,0.0089,12.7,0.0014,4.1,0.327187791,716.46,4.1,0.04624,12,10.1,1.29,1.31,10.3,288,288,9,1.14,1.15,8.99,0.373,0.407,12.6,0.1,2449.1,277,3.03,1781,489261,4.58,0.006,9.24,0.099,2.29,5.42,0.134,39.5,14.2,180,69.4,303,66.1,587,95.3,12616,2.46,219,533,685,94.35,0.03,1371.83,0.06,0.01,1.86,0.01,0.02,0.41,0.12,7.08,0.007801834,0.907887994,,Zircon_26Mar21_Gerasimov_1_align20_EBHedit.csv,sweeps 23-41
MT24-1,MT24-1_L_15,449,222,0.784,0.494,1431,74.1,3.6,0.00057,11.5163592,0.00773,14.7,0.00141,4.6,0.311531215,709.85,4.6,0.03982,14,11.6,1.33,1.35,-363,363,363,7.82,1.15,1.16,9.07,0.416,0.448,102.5,-16,2.5,270,8.92,1637,478145,0.842,,7.34,0.05,0.947,2.95,0.848,21.9,9.48,136,58,287,66.6,657,117,9398,0.413,222,449,785,143.63,0.32,1365.16,0.03,0.01,2.04,0,0,0.49,0.14,5.74,0.001282067,0.683209685,,Zircon_26Mar21_Gerasimov_1_align20_EBHedit.csv,sweeps 23-41
MT24-1,MT24-1_M_64 z3,1235,696,2.14,0.564,3917,130,4.99,0.00045,11.20529236,0.00934,10.4,0.00141,4.1,0.388407762,709.46,4.1,0.04806,9.6,9.05,1.01,1.03,102,227,228,9.44,0.981,0.996,9.08,0.368,0.403,91.1,3.8,19.7,448,4.49,2985,495324,7.49,0.015,32.5,0.167,2.81,7.56,0.475,52.6,21.6,282,106,478,108,981,161,10216,3.72,696,1235,719,158.47,0.07,2234.04,0.04,0.02,2.02,0.01,0.01,0.56,0.23,3.42,0.007638941,1.2582776,,Zircon_26Mar21_Gerasimov_1_align20_EBHedit.csv,sweeps 23-41
MT24-1,MT24-1_L_4,815,357,1.42,0.439,2421,81.1,4.19,0.00055,11.41770361,0.01187,9.7,0.00142,4.9,0.504412712,706.6,4.9,0.06084,8.4,11.1,1.27,1.29,634,180,180,12,1.15,1.17,9.12,0.444,0.474,98.6,23.9,0.4,962,3.04,2726,473333,5.6,15.9,55.3,5.99,29.7,13.1,0.156,57.8,20.7,257,99.3,470,95.3,846,142,12694,2.56,357,815,686,1.39,0.02,2108.07,0.06,0.01,2.19,0.01,0.02,0.44,0.13,4.66,0.006625919,0.963392085,,Zircon_26Mar21_Gerasimov_1_align20_EBHedit.csv,sweeps 23-41
MT24-1,MT24-1_L_26,781,347,1.41,0.445,2488,177,7.11,0.00065,10.18556106,0.01318,13.1,0.00142,4.5,0.34100377,704.81,4.5,0.06736,12.3,13.1,1.33,1.36,849,256,256,13.3,1.73,1.75,9.14,0.408,0.44,98.9,31.2,0.3,2611,4.08,2835,488713,4.5,76.9,205,27.4,139,43.2,0.567,94.9,28.2,316,114,487,98.7,857,138,13086,2.28,347,781,711,1.09,0.03,2625.67,0.09,0.01,1.98,0.01,0.01,0.44,0.12,4.62,0.005250124,0.911132835,,Zircon_26Mar21_Gerasimov_1_align20_EBHedit.csv,sweeps 23-41
MT24-1,MT24-1_M_38,1531,872,2.63,0.57,4750,160,3.89,0.00042,9.796858119,0.00853,14.1,0.00142,3.6,0.258453531,704.71,3.6,0.04357,13.6,8.49,0.832,0.857,-135,336,336,8.62,1.21,1.21,9.14,0.332,0.356,106.8,-6,16.9,475,3.29,2659,475405,8.53,0.479,33.4,0.226,2.38,6.62,0.213,47.6,19,254,101,473,105,938,165,11464,4.29,872,1531,692,24.88,0.04,2145.2,0.04,0.01,1.99,0.01,0.01,0.57,0.33,4.31,0.009094119,1.632012489,,Zircon_26Mar21_Gerasimov_1_align20_EBHedit.csv,sweeps 30-41
MT24-1,MT24-1_M_51,669,248,1.15,0.372,2104,150,7.19,0.00058,14.6245577,0.01154,12.5,0.00142,3.7,0.299206696,704.1,3.7,0.05893,11.9,11.7,1.71,1.73,564,259,259,11.7,1.45,1.46,9.15,0.341,0.38,98.4,21.5,0.7,,,,,,,,,,,,,,,,,,,,,,,,,,,,,,,,,,,,,,,,sweeps 23-41
MT24-1,MT24-1_M_50,1381,727,2.39,0.527,4507,233,8.49,0.00045,8.111218231,0.00931,9.9,0.00142,5.7,0.574827393,703.17,5.7,0.0475,8.1,9.16,0.743,0.777,74.2,193,193,9.41,0.929,0.945,9.16,0.522,0.547,87.7,2.7,32.1,441,3.72,3327,487080,7.05,1.84,34.2,0.778,7.07,10.7,0.358,64.4,25.3,326,130,584,130,1218,191,11198,3.56,727,1381,703,7.02,0.04,2722.93,0.04,0.02,1.98,0.01,0.01,0.53,0.22,3.37,0.005789515,1.134234128,,Zircon_26Mar21_Gerasimov_1_align20_EBHedit.csv,sweeps 23-35
MT24-1,MT24-1_L_23,713,293,1.33,0.411,2234,38,1.21,0.0008,13.09816277,0.01518,15.9,0.00142,5.4,0.337119865,702.09,5.4,0.07731,15,16.2,2.12,2.14,1129,298,298,15.3,2.41,2.43,9.18,0.491,0.519,99.2,40,0.2,,,,,,,,,,,,,,,,,,,,,,,,,,,,,,,,,,,,,,,,sweeps 23-41
MT24-1,MT24-1_M_32,709,251,1.38,0.355,2069,41.6,1.12,0.00108,30.02100769,0.01956,19.9,0.00143,7.7,0.386625889,701.11,7.7,0.09945,18.3,21.8,6.55,6.58,1614,341,341,19.7,3.87,3.88,9.19,0.705,0.716,99.4,53.3,0.1,,,,,,,,,,,,,,,,,,,,,,,,,,,,,,,,,,,,,,,,sweeps 35-41
MT24-1,MT24-1_M_34,661,213,1.11,0.322,2054,2302,99,0.0005,11.21103732,0.01094,12,0.00143,5,0.416060789,698.51,5,0.05542,10.9,10.1,1.14,1.16,429,242,243,11,1.31,1.33,9.22,0.459,0.488,97.9,16.5,1.2,280,2.99,1400,508649,5.41,0.02,12.8,0.05,0.825,2.82,0.071,21.4,9.09,125,51.9,253,56.6,540,96,14093,3.34,213,661,684,92.36,0.03,1170.06,0.03,0.01,1.62,0.01,0.03,0.32,0.15,10.07,0.010018376,1.223683737,,Zircon_26Mar21_Gerasimov_1_align20_EBHedit.csv,sweeps 23-41
MT24-1,MT24-1_L_9 z1,1370,775,2.53,0.566,4276,174,2.91,0.00058,13.18066082,0.01156,11.9,0.00143,5.5,0.463008043,698.14,5.5,0.05855,10.6,11.8,1.56,1.57,550,231,231,11.7,1.39,1.4,9.23,0.51,0.536,98.3,21,0.7,,,,,,,,,,,,,,,,,,,,,,,,,,,,,,,,,,,,,,,,sweeps 23-41
MT24-1,MT24-1_M_41,593,208,1.04,0.35,1829,160,7.98,0.00062,15.42269649,0.01441,14.5,0.00143,3.8,0.262810305,697.38,3.8,0.07289,14,12.5,1.92,1.94,1011,284,284,14.5,2.1,2.11,9.24,0.352,0.39,99.1,36.4,0.3,,,,,,,,,,,,,,,,,,,,,,,,,,,,,,,,,,,,,,,,sweeps 23-41
MT24-1,MT24-1_M_37,1353,838,2.4,0.619,4299,377,10.7,0.00043,6.336525731,0.00965,8.9,0.00143,3,0.33253457,697.28,3,0.0488,8.4,8.74,0.554,0.581,138,197,197,9.75,0.863,0.881,9.24,0.273,0.321,93.3,5.3,9.5,429,3.38,2436,487679,6.97,1.47,31.8,0.614,2.02,7,0.213,43.7,17.7,230,90.2,420,91.5,835,142,11391,3.47,838,1353,695,8.21,0.04,1913.71,0.04,0.01,2.01,0.01,0.01,0.62,0.34,4.68,0.008354395,1.620384624,,Zircon_26Mar21_Gerasimov_1_align20_EBHedit.csv,sweeps 23-41
MT24-1,MT24-1_M_55,541,228,1.05,0.422,1766,80.5,2.73,0.00092,8.405020178,0.01729,16.4,0.00144,5.4,0.3317413,696.56,5.4,0.08735,15.5,18.6,1.56,1.61,1368,297,298,17.4,2.83,2.85,9.25,0.502,0.53,99.3,46.9,0.2,,,,,,,,,,,,,,,,,,,,,,,,,,,,,,,,,,,,,,,,sweeps 23-41
MT24-1,MT24-1_M_59,367,146,0.637,0.398,1161,45.8,0.737,0.00054,14.9149289,0.01163,11.6,0.00144,4.2,0.362144302,696.39,4.2,0.05874,10.8,10.8,1.62,1.63,557,236,236,11.7,1.35,1.37,9.25,0.389,0.424,98.3,21.2,0.7,291,5.76,1491,496136,2.15,0.624,5.91,0.491,5,8.33,0.269,44.1,14.1,180,62.4,261,55.2,479,77,10603,1.43,146,367,742,2.62,0.04,1194.42,0.08,0.01,1.51,0.01,0.01,0.4,0.1,7.11,0.004484335,0.766186153,,Zircon_26Mar21_Gerasimov_1_align20_EBHedit.csv,sweeps 23-41
MT24-1,MT24-1_M_69,1757,1497,3.42,0.852,5856,75.8,4.24,0.00051,5.808353055,0.01082,10.5,0.00144,3.6,0.3406205,695.45,3.6,0.05457,9.8,10.2,0.593,0.627,395,220,221,10.9,1.14,1.15,9.26,0.33,0.37,97.7,15.2,1.3,,,,,,,,,,,,,,,,,,,,,,,,,,,,,,,,,,,,,,,,sweeps 23-41
MT24-1,MT24-1_M_63,1396,781,2.65,0.559,4524,396,37,0.00064,7.647023686,0.01318,8.8,0.00145,3.9,0.447506412,691.8,3.9,0.06611,7.9,12.8,0.981,1.01,810,164,165,13.3,1.16,1.19,9.31,0.366,0.403,98.9,29.9,0.2,1089,4.4,3096,478569,7.34,9.43,54.7,3.42,16.6,12.1,0.47,59.2,23.9,314,116,541,124,1100,181,10564,3.36,781,1396,718,2.36,0.05,2556.21,0.04,0.02,2.18,0.01,0.01,0.56,0.25,3.41,0.006670283,1.268894637,,Zircon_26Mar21_Gerasimov_1_align20_EBHedit.csv,sweeps 23-41
MT24-1,MT24-1_M_40,605,221,1.02,0.365,2004,143,3.47,0.00043,41.40148348,0.01048,18.5,0.00145,6.4,0.348347979,690.52,6.4,0.05246,17.3,8.67,3.59,3.6,306,395,395,10.6,1.95,1.96,9.33,0.601,0.632,96.9,11.8,4,394,3.67,1607,552591,5.8,2.18,14.6,0.659,3.88,4.75,0.116,27.8,11.9,161,62.4,282,61.9,558,91.8,14002,3.42,221,605,702,2.98,0.03,1283.43,0.04,0.01,1.69,0.01,0.03,0.37,0.14,8.71,0.010384618,1.083983158,,Zircon_26Mar21_Gerasimov_1_align20_EBHedit.csv,sweeps 23-30
MT24-1,MT24-1_L_13,932,480,1.62,0.515,2965,466,11.6,0.00043,12.914678,0.01004,9.7,0.00145,6.8,0.706846662,690.41,6.8,0.0503,6.8,8.72,1.13,1.15,209,159,159,10.1,0.977,0.995,9.33,0.638,0.659,95.5,8.1,3.4,385,2.97,3123,484675,3.61,0.132,20.4,0.192,3.35,10.4,0.414,61.7,23.9,307,121,548,119,1068,180,11782,2.07,480,932,684,31.51,0.05,2461.93,0.05,0.02,1.75,0,0.01,0.51,0.15,3.77,0.003385876,0.872542725,,Zircon_26Mar21_Gerasimov_1_align20_EBHedit.csv,sweeps 23-35
MT24-1,MT24-1_L_10,1096,645,1.95,0.588,3499,111,5.36,0.00045,10.95517292,0.00883,8.6,0.00145,4.2,0.491965258,689.23,4.2,0.04415,7.5,9.15,1,1.02,-102,185,185,8.93,0.767,0.784,9.35,0.396,0.431,109.1,-4.7,16.5,447,3.24,2148,474754,6.17,4.32,33.1,1.83,9.03,7.31,0.211,39.8,15.2,205,80.3,372,81.6,743,128,11518,3.06,645,1096,691,2.89,0.04,1720.51,0.04,0.01,2.01,0.01,0.01,0.59,0.3,5.36,0.008301204,1.474083709,,Zircon_26Mar21_Gerasimov_1_align20_EBHedit.csv,sweeps 23-41
MT24-1,MT24-1_L_6,1163,546,2.16,0.47,3594,120,3.96,0.00061,9.601388328,0.01312,9.5,0.00147,4,0.419182486,678.53,4,0.06457,8.6,12.3,1.18,1.2,760,182,182,13.2,1.25,1.27,9.49,0.377,0.414,98.8,28.3,0.3,,,,,,,,,,,,,,,,,,,,,,,,,,,,,,,,,,,,,,,,sweeps 23-41
MT24-1,MT24-1_L_17 z7,1210,1193,2.66,0.985,3887,120,4.44,0.0006,4.938060233,0.01687,7.8,0.00148,3,0.38356512,674.76,3,0.08255,7.2,12.2,0.602,0.649,1258,140,140,17,1.31,1.34,9.55,0.284,0.332,99.2,43.8,0.1,3446,6.15,6629,480452,32,793,2035,325,1833,521,3.48,686,132,1072,297,1054,188,1527,217,7461,6.27,1193,1210,748,0.98,0.02,10683.3,0.37,0.03,5.1,0.03,0.03,0.99,0.18,1.13,0.020956779,0.792738952,,Zircon_26Mar21_Gerasimov_1_align20_EBHedit.csv,sweeps 23-41
MT24-1,MT24-1_L_5,502,179,0.985,0.357,1437,164,7.06,0.00097,19.66285514,0.01633,17.3,0.0015,4.2,0.24387545,667.38,4.2,0.07902,16.8,19.5,3.83,3.85,1173,333,333,16.4,2.83,2.84,9.65,0.408,0.443,99.2,41.3,0.2,,,,,,,,,,,,,,,,,,,,,,,,,,,,,,,,,,,,,,,,sweeps 23-41
MT24-1,MT24-1_L_1,202,85,0.367,0.42,610,20.7,1.14,0.0004,28.79009114,0.00998,25.1,0.00157,9.2,0.365104326,635.87,9.2,0.04601,23.3,8.02,2.31,2.32,-2,563,563,10.1,2.52,2.52,10.1,0.927,0.944,600.1,-0.5,139021.2,377,11.9,1587,503262,0.837,,1.9,0.101,2.22,6.09,0.085,39,14.1,172,61.2,260,54.2,488,82,11035,0.522,85,202,815,18.34,0.02,1181.01,0.07,0.01,1.6,0,0.01,0.42,0.05,6.95,0.001715983,0.414614173,,Zircon_26Mar21_Gerasimov_1_align20_EBHedit.csv,sweeps 23-35
MT24-1,MT24-1_M_65,1282,754,2.49,0.588,4902,241,4.49,0.00051,10.81208039,0.0097,10.9,0.00157,3.3,0.300331495,635.37,3.3,0.04472,10.4,10.3,1.12,1.15,-71,254,254,9.81,1.06,1.08,10.1,0.332,0.394,114.3,-3.4,50.9,918,3.67,2806,520984,6.2,18.2,71,7.01,37,15.7,0.506,57.8,20.6,269,104,472,108,997,161,11154,3.17,754,1282,702,1.54,0.05,2339.76,0.05,0.01,1.95,0,0.01,0.59,0.27,3.97,0.006213861,1.285627967,,Zircon_26Mar21_Gerasimov_1_align20_EBHedit.csv,sweeps 23-30
MT24-1,MT24-1_L_16,864,432,2.13,0.5,3235,82.8,2.23,0.00126,8.528439228,0.03053,7.3,0.00162,1.9,0.262961634,618.3,1.9,0.1369,7,25.4,2.16,2.28,2188,122,122,30.5,2.19,2.28,10.4,0.199,0.293,99.5,65.9,0,315,5.62,2421,472404,3.56,3.19,27.1,0.661,4.33,7.44,0.19,44.8,18.6,245,94.9,431,95.3,858,138,12039,2.26,432,864,740,4.58,0.03,1968.64,0.04,0.01,1.57,0,0.01,0.5,0.18,4.97,0.004150964,1.007135803,,Zircon_26Mar21_Gerasimov_1_align20_EBHedit.csv,sweeps 23-30
MT24-1,MT24-1_L_18,146,26.4,2.33,0.181,4740,98.2,9.89,0.00445,12.83994467,0.09864,7.4,0.01442,4,0.537384553,69.36,4,0.04962,6.3,89.7,11.5,11.6,177,146,146,95.5,6.77,6.97,92.3,3.66,4.02,47.9,3.4,43,104,2.41,187,477557,1.2,,3.67,0.007,0.2,0.716,0.341,3.79,1.19,15.4,5.86,29.3,6.65,71.1,14.5,10808,0.66,26.4,146,667,549.39,0.63,152.68,0.04,0,1.82,0.01,0.05,0.18,0.14,57.9,0.016915333,2.053371578,,Zircon_26Mar21_Gerasimov_1_align20_EBHedit.csv,sweeps 23-41
OR24-2,OR24-2_S_32,788,347,1.39,0.44,909,116,5,0.00071,30.42966862,0.0134,23.8,0.00136,5.5,0.226893091,737.41,5.5,0.07175,23.2,14.3,4.35,4.39,979,472,473,13.5,3.2,3.21,8.74,0.476,0.495,99.1,35.4,15.7,904,2.85,2705,510293,3.97,20,63.9,7.17,37.8,15.7,0.12,63.4,21.2,262,104,449,92.2,820,140,13116,2.06,347,788,680,1.31,0.01,2096.5,0.06,0.01,1.93,0.01,0.01,0.44,0.13,4.85,0.0048,0.96176633,,Zircon_03Dec21_Hodgin,high U signal variance
OR24-2,OR24-2_L_73 z1,748,384,1.38,0.514,1092,48,2,0.00072,31.07470254,0.0122,19,0.00139,4.1,0.211673063,718.1,4.1,0.06356,18.6,14.4,4.49,4.53,727,393,394,12.3,2.33,2.34,8.97,0.366,0.393,98.8,27.2,14.1,257,8.67,2477,531634,2.35,0.02,7.33,0.168,3.84,8.54,1.08,52.9,19,232,88.4,402,89.3,832,151,8549,1.09,384,748,782,31.21,0.16,1887.58,0.05,0.02,2.15,0,0.01,0.51,0.16,3.45,0.0028,0.898369131,,Zircon_03Dec21_Hodgin,
OR24-2,OR24-2_L_72,404,204,0.774,0.507,560,157,9,0.00089,36.54563688,0.0086,49.1,0.0014,9.1,0.185346268,712.75,9.1,0.04462,48.2,17.9,6.54,6.58,-76,1179,1179,8.73,4.26,4.27,9.04,0.824,0.836,111.9,-3.6,51.5,275,10.2,2802,509958,1.61,0.021,3.3,0.44,6.82,14.8,0.846,80.6,27.2,316,114,454,92.2,802,134,8533,0.955,204,404,798,8.49,0.07,2046.71,0.08,0.02,1.69,0,0.01,0.51,0.07,3.05,0.002,0.503455427,,Zircon_03Dec21_Hodgin,high U signal variance
OR24-2,OR24-2_L_81,1226,540,2.15,0.441,1870,52,1,0.00057,23.7479257,0.008,24.6,0.00144,4,0.159815216,693.11,4,0.04014,24.3,11.5,2.73,2.77,-342,626,626,8.08,1.98,1.98,9.29,0.371,0.399,102.7,-15.1,28.6,221,4.31,2592,490789,54,,25.6,0.048,2.29,6.59,,44.8,19.1,251,97,427,89.4,760,116,12979,17.7,540,1226,716,527.73,,1838.57,0.05,0.01,3.05,0.04,0.1,0.44,0.21,5.01,0.0711,1.613688005,,Zircon_03Dec21_Hodgin,
OR24-2,OR24-2_L_71 z1,625,313,1.21,0.502,906,906,29,0.00071,20.62138972,0.0171,14.2,0.00146,3.9,0.271338662,685.93,3.9,0.08491,13.6,14.4,2.96,3.03,1313,264,264,17.2,2.41,2.43,9.39,0.367,0.396,99.3,45.3,8,258,7.36,2819,512035,1.25,0.05,6.28,0.408,8.08,15.4,1.55,73.1,24.9,288,106,474,104,931,163,8584,0.72,313,625,765,10.86,0.14,2195.74,0.06,0.02,1.74,0,0,0.5,0.11,3.04,0.0013,0.670988277,,Zircon_03Dec21_Hodgin,
OR24-2,OR24-2_S_30,611,229,1.26,0.374,785,99,3,0.00129,27.29666397,0.015,26.1,0.00146,7,0.264890742,683.87,7,0.07458,25.2,26,7.08,7.17,1057,507,507,15.2,3.93,3.94,9.42,0.654,0.671,99.1,37.8,16.7,,,,,,,,,,,,,,,,,,,,,,,,,,,,,,,,,,,,,,,,
OR24-2,OR24-2_L_70,1048,602,1.91,0.575,1519,123,3,0.00052,19.91276791,0.0074,25.8,0.00147,4.5,0.173295564,681.09,4.5,0.03636,25.4,10.6,2.11,2.16,-604,690,691,7.45,1.91,1.92,9.46,0.427,0.453,101.6,-27,33.1,440,3.78,6672,508573,29.1,0.02,67.3,0.543,10.5,28.6,0.378,200,67.6,803,281,1119,211,1759,266,7949,5.08,602,1048,704,159.3,0.02,4814.54,0.09,0.03,5.72,0.03,0.05,0.57,0.09,1.19,0.0165,0.5957392,,Zircon_03Dec21_Hodgin,
OR24-2,OR24-2_L_82,1085,508,1.95,0.468,1788,102,3,0.00045,27.52649549,0.0121,16.7,0.00149,4.8,0.285155966,670.52,4.8,0.05899,16,9.17,2.52,2.56,567,348,348,12.2,2.03,2.04,9.61,0.462,0.486,98.3,21.5,13.6,342,4.25,5002,494270,16,0.322,31.9,0.223,4.04,13.8,0.067,106,43.4,563,210,880,169,1298,201,11376,4,508,1085,715,29.19,0.01,3521.05,0.07,0.02,3.99,0.01,0.03,0.47,0.1,2.27,0.0123,0.836235886,,Zircon_03Dec21_Hodgin,
OR24-2,OR24-2_L_74 z2,463,219,0.951,0.472,684,47,1,0.00097,24.44321608,0.0135,35.2,0.0015,7.3,0.206535883,668.76,7.3,0.06567,34.5,19.5,4.77,4.85,796,723,723,13.7,4.78,4.79,9.63,0.704,0.72,98.8,29.5,25.2,390,4.19,2967,529388,14.2,33,121,12.2,70.3,29.7,0.361,103,31.7,363,126,497,99.2,799,132,7851,3.16,219,463,713,1.48,0.02,2417.65,0.11,0.02,4.49,0.03,0.06,0.47,0.07,2.65,0.0177,0.579552464,,Zircon_03Dec21_Hodgin,
OR24-2,OR24-2_L_88,485,292,0.958,0.602,765,765,29,0.00065,25.82298876,0.0114,25.4,0.0015,7.2,0.283403194,667.55,7.2,0.05534,24.3,13.1,3.38,3.43,426,542,542,11.5,2.91,2.92,9.65,0.696,0.713,97.7,16.4,21.9,291,8.43,3444,517712,2.39,0.09,6.27,0.626,10,19.9,0.913,113,34.9,397,141,572,118,965,156,8202,1.02,292,485,779,6.39,0.06,2534.65,0.1,0.02,2.34,0,0.01,0.6,0.08,2.38,0.0025,0.502990059,,Zircon_03Dec21_Hodgin,
OR24-2,OR24-2_M_54,1831,1013,3.41,0.553,2928,2928,50,0.0005,17.67811999,0.0106,10.4,0.0015,5,0.477958069,664.83,5,0.05088,9.1,10.1,1.79,1.84,235,211,212,10.7,1.11,1.12,9.69,0.488,0.511,95.9,9.1,10.5,530,5.2,8683,492866,48,0.218,76.6,0.485,9.16,28,0,210,79.4,944,370,1443,283,2186,335,10191,8.25,1013,1831,733,57.74,0,5965.13,0.08,0.03,5.82,0.03,0.05,0.55,0.12,1.17,0.022,0.837627346,,Zircon_03Dec21_Hodgin,
OR24-2,OR24-2_L_69,586,255,1.14,0.435,881,59,2,0.00073,35.57871706,0.0163,34.9,0.00151,6.8,0.19403997,664.12,6.8,0.07846,34.2,14.8,5.27,5.3,1159,679,679,16.4,5.68,5.69,9.7,0.66,0.678,99.2,40.9,20.9,247,2.01,3348,498265,5.64,,14.9,0.109,3.36,11.4,0.091,81,29.7,377,142,573,113,918,144,10397,2.1,255,586,653,134.98,0.01,2408.31,0.07,0.01,2.69,0.01,0.02,0.43,0.08,3.11,0.0061,0.638066439,,Zircon_03Dec21_Hodgin,
OR24-2,OR24-2_M_55,496,163,1.01,0.328,760,36,2,0.0012,37.37853576,0.0185,22.9,0.00151,7,0.305620163,662.86,7,0.08909,21.8,24.2,9.04,9.1,1406,418,418,18.6,4.23,4.25,9.72,0.684,0.701,99.3,47.9,12.4,,,,,,,,,,,,,,,,,,,,,,,,,,,,,,,,,,,,,,,,
OR24-2,OR24-2_S_33,939,411,1.87,0.437,1186,55,2,0.00089,39.54269776,0.0122,18.9,0.00151,5.5,0.287071168,661.52,5.5,0.05875,18.1,18,7.11,7.15,558,395,396,12.4,2.33,2.34,9.74,0.534,0.555,98.3,21.2,15.5,378,2.99,2236,513400,9.16,,17.4,0.085,1.95,5.98,0.029,40.1,15.5,216,83.5,375,81.9,705,123,12891,4.06,411,939,684,200.23,0.01,1664.97,0.05,0.01,2.26,0.01,0.02,0.44,0.18,5.77,0.013,1.332456566,,Zircon_03Dec21_Hodgin,
OR24-2,OR24-2_L_84,491,168,1.02,0.343,775,36,1,0.00128,33.95438644,0.0164,25.1,0.00153,6.7,0.264178075,655.32,6.7,0.07802,24.2,25.8,8.76,8.84,1147,480,480,16.5,4.11,4.12,9.83,0.654,0.672,99.1,40.5,15.3,,,,,,,,,,,,,,,,,,,,,,,,,,,,,,,,,,,,,,,,
OR24-2,OR24-2_M_49,494,163,0.937,0.329,826,826,33,0.00098,40.1049792,0.0058,47.6,0.00153,7.4,0.154187783,655.11,7.4,0.02748,47,19.9,7.97,8.01,-1437,1541,1541,5.86,2.78,2.78,9.83,0.725,0.741,100.7,-67.9,80.7,581,4.22,1670,521773,6.16,8.41,29.2,3.24,16.4,6.49,0.104,31.3,11.8,154,61.1,276,60.9,536,91.3,13386,2.97,163,494,714,1.37,0.02,1286.54,0.05,0.01,2.08,0.01,0.04,0.33,0.1,8.02,0.0115,0.922998886,,Zircon_03Dec21_Hodgin,
OR24-2,OR24-2_M_47,456,148,0.923,0.325,801,354,16,0.00122,37.71996176,0.0136,34.5,0.00153,5.5,0.157452636,654.37,5.5,0.06468,34,24.6,9.26,9.32,764,717,718,13.7,4.71,4.71,9.84,0.539,0.56,98.7,28.4,24.8,236,3,1450,498861,5.49,,7.27,0.048,0.833,3.15,0.08,23.5,9.77,131,51.3,230,50,448,74.1,13078,2.55,148,456,685,147.76,0.03,1029,0.04,0.01,2.15,0.01,0.04,0.33,0.1,9.02,0.0123,1.017832758,,Zircon_03Dec21_Hodgin,reverse fractionation
OR24-2,OR24-2_L_78,412,182,0.802,0.442,628,72,2,0.0007,36.67821796,0.0144,36.1,0.00153,8.7,0.240182824,654.16,8.7,0.06856,35,14.2,5.19,5.22,885,723,724,14.6,5.22,5.22,9.85,0.855,0.869,98.9,32.4,24.9,199,2.84,2984,507612,5.68,0.13,19.9,0.224,5.1,11.9,0.172,77.9,28,337,124,503,98,833,128,9779,2.05,182,412,680,28.63,0.02,2166.2,0.08,0.01,2.76,0.01,0.03,0.44,0.06,3.28,0.0068,0.494652101,,Zircon_03Dec21_Hodgin,
OR24-2,OR24-2_M_59,708,269,1.44,0.38,1113,27,1,0.00102,22.36829114,0.015,15.7,0.00153,6.1,0.384215285,653.77,6.1,0.07125,14.5,20.6,4.61,4.7,965,295,296,15.1,2.36,2.37,9.85,0.597,0.617,99,34.9,10.9,388,3.32,1826,494815,6.62,3.34,20.9,1.18,7.2,6,0.04,31.9,12.5,167,66.7,303,65.4,587,101,12812,3.25,269,708,693,2.58,0.01,1373.04,0.04,0.01,2.04,0.01,0.02,0.38,0.15,7.02,0.0113,1.205611206,,Zircon_03Dec21_Hodgin,
OR24-2,OR24-2_M_56,566,419,1.27,0.74,905,68,3,0.00077,26.7353038,0.0175,22.1,0.00155,4.5,0.199278461,644.41,4.5,0.08179,21.7,15.5,4.15,4.2,1240,425,425,17.6,3.86,3.88,10,0.446,0.473,99.2,43.3,12.7,320,10.3,1884,502681,3.78,,6.23,0.163,3.02,6.61,0.127,38.5,14.5,183,68.2,298,61.3,520,87.3,9424,1.24,419,566,799,37.48,0.02,1286.98,0.06,0.01,3.05,0.01,0.01,0.74,0.22,5,0.0073,1.088741276,,Zircon_03Dec21_Hodgin,high U signal variance
OR24-2,OR24-2_L_76,893,600,1.92,0.672,1389,39,1,0.00079,17.13952737,0.0073,33.2,0.00156,4.3,0.12674714,641.47,4.3,0.03383,32.9,16,2.74,2.83,-804,935,935,7.36,2.43,2.44,10,0.428,0.457,101.2,-36.5,45.5,481,3.65,8217,517283,20.6,10.7,94.8,5.19,42.4,51,0.661,287,90.7,1029,362,1385,257,1990,310,8010,3.24,600,893,701,3.12,0.02,5915.35,0.12,0.04,6.35,0.02,0.03,0.67,0.07,0.97,0.0103,0.448619532,,Zircon_03Dec21_Hodgin,
OR24-2,OR24-2_M_52,2157,1179,4.13,0.547,3452,274,2,0.0005,13.71411858,0.0104,8.7,0.00156,3.6,0.40130765,639.52,3.6,0.04813,8,10.1,1.39,1.46,106,188,189,10.5,0.91,0.928,10.1,0.36,0.393,90.5,3.9,9,634,4.15,9935,511517,75,,112,0.39,10.7,32.7,0.178,242,92.8,1174,427,1705,339,2632,378,10171,10.9,1179,2157,712,282.79,0.01,7144.59,0.08,0.04,6.9,0.03,0.06,0.55,0.12,1.02,0.0285,0.819711025,,Zircon_03Dec21_Hodgin,
OR24-2,OR24-2_S_34,551,206,1.11,0.374,732,39,1,0.00082,33.04855026,0.0193,28.5,0.00157,7.6,0.265105723,635.46,7.6,0.08872,27.4,16.5,5.44,5.49,1398,526,526,19.4,5.46,5.47,10.1,0.767,0.784,99.3,47.6,15.3,323,2.04,2060,502113,3.32,0.085,9.29,0.092,1.25,4.5,0.109,36,14,186,74.9,325,71.2,629,105,13684,1.81,206,551,654,25.83,0.03,1455.68,0.05,0.01,1.83,0.01,0.02,0.37,0.1,6.64,0.0053,0.877258975,,Zircon_03Dec21_Hodgin,
OR24-2,OR24-2_L_87,563,293,1.21,0.52,993,61,2,0.00082,36.77717006,0.0173,27.6,0.00159,7.9,0.286933956,629.5,7.9,0.07906,26.4,16.6,6.11,6.15,1174,523,523,17.4,4.77,4.78,10.2,0.812,0.828,99.1,41.3,16.7,279,3.66,2787,491648,15,0.664,42.1,0.374,5.31,14.8,0.333,92.3,29.9,344,125,478,97.1,801,126,7386,3.36,293,563,702,20.7,0.03,2157.44,0.1,0.02,4.46,0.03,0.05,0.52,0.11,2.65,0.0187,0.702757719,,Zircon_03Dec21_Hodgin,
OR24-2,OR24-2_L_85 z4,2323,1484,4.72,0.639,3907,149,3,0.00054,11.96391063,0.0128,9.3,0.00159,4.4,0.466114387,628.99,4.4,0.05844,8.2,10.9,1.3,1.39,546,179,179,12.9,1.19,1.21,10.2,0.448,0.477,98.1,20.8,8.1,566,5.79,7005,498115,99.2,0.372,98,0.304,5.96,20.9,0.101,167,64.4,805,295,1189,226,1875,277,10361,16.8,1484,2323,743,71.36,0.01,5023.48,0.07,0.03,5.9,0.04,0.07,0.64,0.21,1.48,0.0529,1.239066557,,Zircon_03Dec21_Hodgin,
OR24-2,OR24-2_M_51 z6,684,267,1.49,0.39,1118,97,3,0.00117,28.11880043,0.0146,23,0.00161,6.6,0.284316604,619.3,6.6,0.06539,22.1,23.6,6.63,6.71,787,463,463,14.7,3.35,3.36,10.4,0.684,0.704,98.7,29.1,16.9,376,2.23,2517,487304,6.09,0.86,12.5,0.313,3.67,8.73,0.02,52.7,20.7,265,102,440,89.1,747,120,14008,2.8,267,684,661,5.91,0,1863.64,0.06,0.01,2.18,0.01,0.02,0.39,0.11,5.57,0.0081,0.916232511,,Zircon_03Dec21_Hodgin,
OR24-2,OR24-2_L_80,338,161,0.902,0.476,522,132,5,0.00172,23.203898,0.0315,23.8,0.00162,6.8,0.284524115,619.17,6.8,0.14139,22.8,34.8,8.07,8.21,2244,394,395,31.5,7.38,7.4,10.4,0.708,0.727,99.5,67,8.1,,,,,,,,,,,,,,,,,,,,,,,,,,,,,,,,,,,,,,,,high U signal variance
OR24-2,OR24-2_L_83,167,69.5,0.398,0.416,293,12,1,0.0014,34.65273536,0.0252,34.5,0.00162,9.3,0.268272708,619.12,9.3,0.11311,33.2,28.4,9.82,9.9,1850,600,600,25.3,8.6,8.61,10.4,0.964,0.978,99.4,58.8,14.5,427,18.1,1681,514647,0.689,0.159,1.54,0.205,4.1,7.85,0.2,39.7,14.4,174,62.7,263,55.4,485,83.1,9780,0.398,69.5,167,861,2.1,0.03,1191.77,0.07,0.01,1.73,0,0.01,0.42,0.04,5.82,0.0014,0.344192725,,Zircon_03Dec21_Hodgin,reverse fractionation
OR24-2,OR24-2_M_50,292,78.3,0.788,0.268,510,28,2,0.00325,27.34035895,0.028,35.2,0.00162,10.7,0.30416713,617.25,10.7,0.12524,33.5,65.6,17.9,18.1,2032,593,593,28,9.72,9.73,10.4,1.12,1.13,99.5,62.8,13.5,,,,,,,,,,,,,,,,,,,,,,,,,,,,,,,,,,,,,,,,high U signal variance
OR24-2,OR24-2_M_53 z5,557,268,1.26,0.481,936,69,3,0.00116,30.1652756,0.0093,39.8,0.00163,6.3,0.158315281,612.3,6.3,0.04139,39.3,23.5,7.07,7.14,-264,996,996,9.42,3.73,3.73,10.5,0.666,0.686,104,-11.7,44.8,,,,,,,,,,,,,,,,,,,,,,,,,,,,,,,,,,,,,,,,reverse fractionation
OR24-2,OR24-2_L_75 z3,931,833,2.16,0.895,1498,1498,21,0.00066,23.19685977,0.0127,25.2,0.00164,4.6,0.179231848,609.4,4.6,0.0563,24.8,13.3,3.07,3.13,464,549,549,12.9,3.22,3.22,10.6,0.483,0.511,97.7,17.8,20.9,629,4.71,4466,529723,24,61.5,228,23.9,132,54.1,0.579,176,52.8,555,185,713,131,1072,165,7923,4.88,833,931,724,1.46,0.02,3549.87,0.14,0.02,4.91,0.03,0.03,0.89,0.19,1.77,0.0224,0.868460913,,Zircon_03Dec21_Hodgin,
OR24-2,OR24-2_L_86,243,95.8,0.563,0.394,386,21,1,0.00129,38.16356433,0.022,32.9,0.00164,8.2,0.248534705,608.96,8.2,0.09723,31.8,26.1,9.96,10,1572,596,596,22.1,7.19,7.2,10.6,0.867,0.883,99.3,52.2,16,192,2.78,1668,528042,6.53,0.033,18.1,0.107,2.67,5.93,0.073,42.8,14.9,182,65,261,54.4,437,72,8545,1.96,95.8,243,678,74.18,0.01,1156.3,0.08,0.01,3.33,0.03,0.07,0.39,0.06,5.12,0.0149,0.556512912,,Zircon_03Dec21_Hodgin,
OR24-2,OR24-2_M_48,515,210,1.22,0.408,848,67,3,0.00133,48.70153987,0.0217,33.9,0.00167,8.2,0.242097763,599.77,8.2,0.0942,32.9,26.9,13.1,13.1,1512,621,621,21.8,7.3,7.31,10.7,0.884,0.9,99.3,50.6,17,,,,,,,,,,,,,,,,,,,,,,,,,,,,,,,,,,,,,,,,
OR24-2,OR24-2_S_31,444,217,1.08,0.49,665,279,13,0.0012,26.81766814,0.0239,24.6,0.00167,5.3,0.214406628,597.09,5.3,0.10352,24.1,24.3,6.51,6.59,1688,444,444,24,5.84,5.85,10.8,0.574,0.599,99.4,55,11.2,260,6.93,2148,517117,2.75,0.05,5.73,0.192,4.14,8.75,0.116,54.4,18.6,226,81.4,331,68.5,587,97.1,11107,1.36,217,444,760,15.05,0.02,1482.93,0.08,0.01,2.02,0.01,0.01,0.49,0.1,5.17,0.0047,0.755701375,,Zircon_03Dec21_Hodgin,
OR24-2,OR24-2_M_57,425,137,1.35,0.321,837,151,6,0.00294,15.97892816,0.0371,19.9,0.00196,3.9,0.19260186,509.38,3.9,0.13692,19.5,59.4,9.47,9.8,2189,340,340,36.9,7.23,7.25,12.6,0.493,0.531,99.4,65.8,11.2,,,,,,,,,,,,,,,,,,,,,,,,,,,,,,,,,,,,,,,,reverse fractionation
